PSNR,SSIM,LPIPS,mask_type,mask_name,image_name,exp
13.681747436523438,0.24842894077301025,0.4594367742538452,vertical_stripe,vertical_stripe_k=8,woman_tending_garden.png,vanilla
11.709758758544922,0.5512501001358032,0.4237939119338989,vertical_stripe,vertical_stripe_k=8,view_mountains_lake.png,vanilla
13.855899810791016,0.4618568420410156,0.40567833185195923,vertical_stripe,vertical_stripe_k=8,field_red_flowers.png,vanilla
17.009241104125977,0.6469424962997437,0.27590879797935486,vertical_stripe,vertical_stripe_k=8,bowl_fruit_wooden.png,vanilla
16.0299129486084,0.5436302423477173,0.37726277112960815,vertical_stripe,vertical_stripe_k=8,blue_pink_toy.png,vanilla
16.675613403320312,0.6566213965415955,0.2998422384262085,vertical_stripe,vertical_stripe_k=8,watch_wrist.png,vanilla
15.065329551696777,0.7598503828048706,0.28464582562446594,vertical_stripe,vertical_stripe_k=8,row_rubber_ducks.png,vanilla
15.317004203796387,0.3647337555885315,0.4367292523384094,vertical_stripe,vertical_stripe_k=8,pizza_box_pizza.png,vanilla
14.677666664123535,0.25369781255722046,0.4289185702800751,vertical_stripe,vertical_stripe_k=8,rocky_beach_large.png,vanilla
20.13032341003418,0.49824899435043335,0.2835753262042999,vertical_stripe,vertical_stripe_k=8,lemon_blue_surface.png,vanilla
13.929815292358398,0.207871675491333,0.4854995608329773,vertical_stripe,vertical_stripe_k=2,woman_tending_garden.png,vanilla
18.1566162109375,0.652846097946167,0.3108576536178589,vertical_stripe,vertical_stripe_k=2,view_mountains_lake.png,vanilla
17.77240753173828,0.4817444682121277,0.33487212657928467,vertical_stripe,vertical_stripe_k=2,field_red_flowers.png,vanilla
23.654455184936523,0.6466997861862183,0.2658320665359497,vertical_stripe,vertical_stripe_k=2,bowl_fruit_wooden.png,vanilla
19.771169662475586,0.5672023296356201,0.343214750289917,vertical_stripe,vertical_stripe_k=2,blue_pink_toy.png,vanilla
21.542451858520508,0.7030336260795593,0.2474210411310196,vertical_stripe,vertical_stripe_k=2,watch_wrist.png,vanilla
21.095821380615234,0.8233098387718201,0.20026753842830658,vertical_stripe,vertical_stripe_k=2,row_rubber_ducks.png,vanilla
17.34501075744629,0.33920544385910034,0.4610401391983032,vertical_stripe,vertical_stripe_k=2,pizza_box_pizza.png,vanilla
16.500808715820312,0.22547900676727295,0.4299139380455017,vertical_stripe,vertical_stripe_k=2,rocky_beach_large.png,vanilla
23.532670974731445,0.48455381393432617,0.3036821782588959,vertical_stripe,vertical_stripe_k=2,lemon_blue_surface.png,vanilla
13.96750259399414,0.23278562724590302,0.4518195390701294,vertical_stripe,vertical_stripe_k=4,woman_tending_garden.png,vanilla
13.979498863220215,0.5808528065681458,0.4263044595718384,vertical_stripe,vertical_stripe_k=4,view_mountains_lake.png,vanilla
15.692934036254883,0.5010619163513184,0.3336626887321472,vertical_stripe,vertical_stripe_k=4,field_red_flowers.png,vanilla
23.51401710510254,0.6744195818901062,0.2224845439195633,vertical_stripe,vertical_stripe_k=4,bowl_fruit_wooden.png,vanilla
18.78639030456543,0.5731930136680603,0.32130593061447144,vertical_stripe,vertical_stripe_k=4,blue_pink_toy.png,vanilla
20.646684646606445,0.707406222820282,0.21919333934783936,vertical_stripe,vertical_stripe_k=4,watch_wrist.png,vanilla
19.2971134185791,0.8045777678489685,0.22626908123493195,vertical_stripe,vertical_stripe_k=4,row_rubber_ducks.png,vanilla
16.984140396118164,0.35947880148887634,0.4422264099121094,vertical_stripe,vertical_stripe_k=4,pizza_box_pizza.png,vanilla
16.46280288696289,0.25753068923950195,0.39861589670181274,vertical_stripe,vertical_stripe_k=4,rocky_beach_large.png,vanilla
21.35452651977539,0.48827195167541504,0.2965858280658722,vertical_stripe,vertical_stripe_k=4,lemon_blue_surface.png,vanilla
13.790586471557617,0.179324209690094,0.5257549285888672,vertical_stripe,vertical_stripe_k=1,woman_tending_garden.png,vanilla
19.034114837646484,0.6522399187088013,0.3399987816810608,vertical_stripe,vertical_stripe_k=1,view_mountains_lake.png,vanilla
18.127002716064453,0.4798358380794525,0.3264848291873932,vertical_stripe,vertical_stripe_k=1,field_red_flowers.png,vanilla
23.231311798095703,0.6058606505393982,0.36570632457733154,vertical_stripe,vertical_stripe_k=1,bowl_fruit_wooden.png,vanilla
20.149187088012695,0.5650781989097595,0.3687547445297241,vertical_stripe,vertical_stripe_k=1,blue_pink_toy.png,vanilla
22.1822452545166,0.7031652927398682,0.2848281264305115,vertical_stripe,vertical_stripe_k=1,watch_wrist.png,vanilla
22.23195457458496,0.8214879035949707,0.19915074110031128,vertical_stripe,vertical_stripe_k=1,row_rubber_ducks.png,vanilla
16.45395278930664,0.2885828912258148,0.5277698040008545,vertical_stripe,vertical_stripe_k=1,pizza_box_pizza.png,vanilla
16.81041717529297,0.2131342887878418,0.49119406938552856,vertical_stripe,vertical_stripe_k=1,rocky_beach_large.png,vanilla
23.77985382080078,0.48755425214767456,0.39037394523620605,vertical_stripe,vertical_stripe_k=1,lemon_blue_surface.png,vanilla
14.089249610900879,0.2019907683134079,0.4873146116733551,stochastic,stochastic_p=0.5_i=2,woman_tending_garden.png,vanilla
19.246957778930664,0.6627134084701538,0.3144254982471466,stochastic,stochastic_p=0.5_i=2,view_mountains_lake.png,vanilla
18.762113571166992,0.4962853789329529,0.31424474716186523,stochastic,stochastic_p=0.5_i=2,field_red_flowers.png,vanilla
23.33640480041504,0.6305050849914551,0.2716140151023865,stochastic,stochastic_p=0.5_i=2,bowl_fruit_wooden.png,vanilla
20.677295684814453,0.5826115608215332,0.3278815746307373,stochastic,stochastic_p=0.5_i=2,blue_pink_toy.png,vanilla
21.453622817993164,0.7001280784606934,0.26384252309799194,stochastic,stochastic_p=0.5_i=2,watch_wrist.png,vanilla
22.49246597290039,0.8325257301330566,0.17788416147232056,stochastic,stochastic_p=0.5_i=2,row_rubber_ducks.png,vanilla
18.039703369140625,0.3545018434524536,0.4456755518913269,stochastic,stochastic_p=0.5_i=2,pizza_box_pizza.png,vanilla
17.21815299987793,0.23645059764385223,0.4266822934150696,stochastic,stochastic_p=0.5_i=2,rocky_beach_large.png,vanilla
23.72955894470215,0.49553486704826355,0.3367123305797577,stochastic,stochastic_p=0.5_i=2,lemon_blue_surface.png,vanilla
14.042086601257324,0.20102649927139282,0.4860621392726898,stochastic,stochastic_p=0.5_i=1,woman_tending_garden.png,vanilla
18.71047592163086,0.6663339138031006,0.3004860281944275,stochastic,stochastic_p=0.5_i=1,view_mountains_lake.png,vanilla
18.753780364990234,0.4976670444011688,0.30191588401794434,stochastic,stochastic_p=0.5_i=1,field_red_flowers.png,vanilla
23.423992156982422,0.6413737535476685,0.2683219611644745,stochastic,stochastic_p=0.5_i=1,bowl_fruit_wooden.png,vanilla
20.55223846435547,0.5788090229034424,0.3363500237464905,stochastic,stochastic_p=0.5_i=1,blue_pink_toy.png,vanilla
21.028423309326172,0.6838431358337402,0.2588176727294922,stochastic,stochastic_p=0.5_i=1,watch_wrist.png,vanilla
21.598888397216797,0.8279253244400024,0.18283721804618835,stochastic,stochastic_p=0.5_i=1,row_rubber_ducks.png,vanilla
18.323537826538086,0.36523327231407166,0.44233959913253784,stochastic,stochastic_p=0.5_i=1,pizza_box_pizza.png,vanilla
17.10810661315918,0.23405008018016815,0.4270365834236145,stochastic,stochastic_p=0.5_i=1,rocky_beach_large.png,vanilla
23.720741271972656,0.4949279725551605,0.3414788842201233,stochastic,stochastic_p=0.5_i=1,lemon_blue_surface.png,vanilla
13.883106231689453,0.19424724578857422,0.49799564480781555,stochastic,stochastic_p=0.5_i=0,woman_tending_garden.png,vanilla
18.893630981445312,0.6618329286575317,0.2971797585487366,stochastic,stochastic_p=0.5_i=0,view_mountains_lake.png,vanilla
18.84293556213379,0.49887943267822266,0.29649218916893005,stochastic,stochastic_p=0.5_i=0,field_red_flowers.png,vanilla
23.65260124206543,0.6464322805404663,0.27889204025268555,stochastic,stochastic_p=0.5_i=0,bowl_fruit_wooden.png,vanilla
21.27989959716797,0.5851783752441406,0.32510238885879517,stochastic,stochastic_p=0.5_i=0,blue_pink_toy.png,vanilla
22.171262741088867,0.7049341201782227,0.23261180520057678,stochastic,stochastic_p=0.5_i=0,watch_wrist.png,vanilla
21.998605728149414,0.8292512893676758,0.17938369512557983,stochastic,stochastic_p=0.5_i=0,row_rubber_ducks.png,vanilla
18.093307495117188,0.3578494191169739,0.44706040620803833,stochastic,stochastic_p=0.5_i=0,pizza_box_pizza.png,vanilla
16.95120620727539,0.2296874225139618,0.4200509190559387,stochastic,stochastic_p=0.5_i=0,rocky_beach_large.png,vanilla
24.012319564819336,0.4996706247329712,0.32729843258857727,stochastic,stochastic_p=0.5_i=0,lemon_blue_surface.png,vanilla
14.015646934509277,0.2295321226119995,0.4518420994281769,horizontal_stripe,horizontal_stripe_k=4,woman_tending_garden.png,vanilla
16.844501495361328,0.6255995631217957,0.34637337923049927,horizontal_stripe,horizontal_stripe_k=4,view_mountains_lake.png,vanilla
14.165406227111816,0.3447250723838806,0.42525514960289,horizontal_stripe,horizontal_stripe_k=4,field_red_flowers.png,vanilla
21.37354278564453,0.6433268785476685,0.23124653100967407,horizontal_stripe,horizontal_stripe_k=4,bowl_fruit_wooden.png,vanilla
19.0867977142334,0.5693122148513794,0.3267960548400879,horizontal_stripe,horizontal_stripe_k=4,blue_pink_toy.png,vanilla
18.700305938720703,0.6782354116439819,0.26215776801109314,horizontal_stripe,horizontal_stripe_k=4,watch_wrist.png,vanilla
17.871994018554688,0.7758693695068359,0.307940274477005,horizontal_stripe,horizontal_stripe_k=4,row_rubber_ducks.png,vanilla
17.06960105895996,0.3812345266342163,0.4135246276855469,horizontal_stripe,horizontal_stripe_k=4,pizza_box_pizza.png,vanilla
15.922795295715332,0.24676625430583954,0.40448054671287537,horizontal_stripe,horizontal_stripe_k=4,rocky_beach_large.png,vanilla
22.249732971191406,0.5074200630187988,0.2809586822986603,horizontal_stripe,horizontal_stripe_k=4,lemon_blue_surface.png,vanilla
13.940140724182129,0.19051441550254822,0.5098193883895874,horizontal_stripe,horizontal_stripe_k=1,woman_tending_garden.png,vanilla
18.155431747436523,0.6024741530418396,0.42571231722831726,horizontal_stripe,horizontal_stripe_k=1,view_mountains_lake.png,vanilla
17.15924072265625,0.39123624563217163,0.38118189573287964,horizontal_stripe,horizontal_stripe_k=1,field_red_flowers.png,vanilla
22.806411743164062,0.6333336234092712,0.24859368801116943,horizontal_stripe,horizontal_stripe_k=1,bowl_fruit_wooden.png,vanilla
19.99410629272461,0.5560274124145508,0.3707764446735382,horizontal_stripe,horizontal_stripe_k=1,blue_pink_toy.png,vanilla
22.337379455566406,0.7060836553573608,0.23606033623218536,horizontal_stripe,horizontal_stripe_k=1,watch_wrist.png,vanilla
20.652467727661133,0.7644593715667725,0.3261028528213501,horizontal_stripe,horizontal_stripe_k=1,row_rubber_ducks.png,vanilla
18.311077117919922,0.3637295961380005,0.44068804383277893,horizontal_stripe,horizontal_stripe_k=1,pizza_box_pizza.png,vanilla
16.681249618530273,0.2218799889087677,0.43610090017318726,horizontal_stripe,horizontal_stripe_k=1,rocky_beach_large.png,vanilla
24.170473098754883,0.49564576148986816,0.3320196866989136,horizontal_stripe,horizontal_stripe_k=1,lemon_blue_surface.png,vanilla
13.98412799835205,0.21102605760097504,0.4810447692871094,horizontal_stripe,horizontal_stripe_k=2,woman_tending_garden.png,vanilla
18.101829528808594,0.6389079093933105,0.3329625725746155,horizontal_stripe,horizontal_stripe_k=2,view_mountains_lake.png,vanilla
16.127822875976562,0.412528932094574,0.4055078625679016,horizontal_stripe,horizontal_stripe_k=2,field_red_flowers.png,vanilla
20.442218780517578,0.61592698097229,0.25921207666397095,horizontal_stripe,horizontal_stripe_k=2,bowl_fruit_wooden.png,vanilla
19.350961685180664,0.5708870887756348,0.36198392510414124,horizontal_stripe,horizontal_stripe_k=2,blue_pink_toy.png,vanilla
20.58355140686035,0.6847405433654785,0.2737765908241272,horizontal_stripe,horizontal_stripe_k=2,watch_wrist.png,vanilla
18.668378829956055,0.7760634422302246,0.25360825657844543,horizontal_stripe,horizontal_stripe_k=2,row_rubber_ducks.png,vanilla
17.55489158630371,0.3620705008506775,0.4324631690979004,horizontal_stripe,horizontal_stripe_k=2,pizza_box_pizza.png,vanilla
16.2536563873291,0.2332364320755005,0.41991233825683594,horizontal_stripe,horizontal_stripe_k=2,rocky_beach_large.png,vanilla
23.76487922668457,0.5002384185791016,0.33102622628211975,horizontal_stripe,horizontal_stripe_k=2,lemon_blue_surface.png,vanilla
13.386164665222168,0.24325977265834808,0.4673495888710022,horizontal_stripe,horizontal_stripe_k=8,woman_tending_garden.png,vanilla
13.340956687927246,0.5401628017425537,0.41925564408302307,horizontal_stripe,horizontal_stripe_k=8,view_mountains_lake.png,vanilla
13.728940963745117,0.38322561979293823,0.4837400019168854,horizontal_stripe,horizontal_stripe_k=8,field_red_flowers.png,vanilla
14.959989547729492,0.5792114734649658,0.32693910598754883,horizontal_stripe,horizontal_stripe_k=8,bowl_fruit_wooden.png,vanilla
15.538082122802734,0.5494632124900818,0.361936092376709,horizontal_stripe,horizontal_stripe_k=8,blue_pink_toy.png,vanilla
15.51557445526123,0.6464126706123352,0.30668190121650696,horizontal_stripe,horizontal_stripe_k=8,watch_wrist.png,vanilla
15.628849029541016,0.7315448522567749,0.30949878692626953,horizontal_stripe,horizontal_stripe_k=8,row_rubber_ducks.png,vanilla
16.227783203125,0.38073262572288513,0.4109122157096863,horizontal_stripe,horizontal_stripe_k=8,pizza_box_pizza.png,vanilla
14.355698585510254,0.24014028906822205,0.41936320066452026,horizontal_stripe,horizontal_stripe_k=8,rocky_beach_large.png,vanilla
16.347511291503906,0.4478257894515991,0.3530632257461548,horizontal_stripe,horizontal_stripe_k=8,lemon_blue_surface.png,vanilla
13.329168319702148,0.23947939276695251,0.4542951285839081,checkerboard,checkerboard_k=16,woman_tending_garden.png,vanilla
15.0078706741333,0.6191648244857788,0.3078725337982178,checkerboard,checkerboard_k=16,view_mountains_lake.png,vanilla
15.742963790893555,0.515256941318512,0.2911016345024109,checkerboard,checkerboard_k=16,field_red_flowers.png,vanilla
18.82972526550293,0.6457180380821228,0.24715156853199005,checkerboard,checkerboard_k=16,bowl_fruit_wooden.png,vanilla
17.967641830444336,0.5851953029632568,0.3054153025150299,checkerboard,checkerboard_k=16,blue_pink_toy.png,vanilla
14.896993637084961,0.6304190158843994,0.3303547501564026,checkerboard,checkerboard_k=16,watch_wrist.png,vanilla
17.3926944732666,0.8033937215805054,0.23727142810821533,checkerboard,checkerboard_k=16,row_rubber_ducks.png,vanilla
17.20130157470703,0.390796035528183,0.3963945209980011,checkerboard,checkerboard_k=16,pizza_box_pizza.png,vanilla
16.398107528686523,0.26210272312164307,0.3918841779232025,checkerboard,checkerboard_k=16,rocky_beach_large.png,vanilla
19.688844680786133,0.5079234838485718,0.28652313351631165,checkerboard,checkerboard_k=16,lemon_blue_surface.png,vanilla
13.884811401367188,0.2312091439962387,0.4589272737503052,checkerboard,checkerboard_k=8,woman_tending_garden.png,vanilla
17.551198959350586,0.6681828498840332,0.27924153208732605,checkerboard,checkerboard_k=8,view_mountains_lake.png,vanilla
14.892923355102539,0.4736309051513672,0.34538692235946655,checkerboard,checkerboard_k=8,field_red_flowers.png,vanilla
20.37821388244629,0.6419596672058105,0.2435506135225296,checkerboard,checkerboard_k=8,bowl_fruit_wooden.png,vanilla
19.08721160888672,0.5758936405181885,0.30771222710609436,checkerboard,checkerboard_k=8,blue_pink_toy.png,vanilla
19.366840362548828,0.6950885057449341,0.24592255055904388,checkerboard,checkerboard_k=8,watch_wrist.png,vanilla
18.937694549560547,0.8035264015197754,0.2273063063621521,checkerboard,checkerboard_k=8,row_rubber_ducks.png,vanilla
17.992483139038086,0.39317435026168823,0.4001537263393402,checkerboard,checkerboard_k=8,pizza_box_pizza.png,vanilla
16.21183967590332,0.2581704556941986,0.3900064527988434,checkerboard,checkerboard_k=8,rocky_beach_large.png,vanilla
21.79864501953125,0.5161523222923279,0.26274949312210083,checkerboard,checkerboard_k=8,lemon_blue_surface.png,vanilla
13.892489433288574,0.21922478079795837,0.4701525866985321,checkerboard,checkerboard_k=4,woman_tending_garden.png,vanilla
18.58934783935547,0.6673401594161987,0.28197023272514343,checkerboard,checkerboard_k=4,view_mountains_lake.png,vanilla
17.962919235229492,0.4948788583278656,0.3152441382408142,checkerboard,checkerboard_k=4,field_red_flowers.png,vanilla
23.319303512573242,0.6499998569488525,0.2554085850715637,checkerboard,checkerboard_k=4,bowl_fruit_wooden.png,vanilla
20.634424209594727,0.5905885100364685,0.30155351758003235,checkerboard,checkerboard_k=4,blue_pink_toy.png,vanilla
20.662220001220703,0.6923856139183044,0.2363390177488327,checkerboard,checkerboard_k=4,watch_wrist.png,vanilla
19.598291397094727,0.8067731261253357,0.21699324250221252,checkerboard,checkerboard_k=4,row_rubber_ducks.png,vanilla
18.104740142822266,0.37385353446006775,0.42471805214881897,checkerboard,checkerboard_k=4,pizza_box_pizza.png,vanilla
16.811445236206055,0.23743820190429688,0.40483206510543823,checkerboard,checkerboard_k=4,rocky_beach_large.png,vanilla
23.25042724609375,0.49490758776664734,0.30406317114830017,checkerboard,checkerboard_k=4,lemon_blue_surface.png,vanilla
14.220047950744629,0.18371284008026123,0.5113936066627502,checkerboard,checkerboard_k=1,woman_tending_garden.png,vanilla
19.116235733032227,0.6599383354187012,0.3264904022216797,checkerboard,checkerboard_k=1,view_mountains_lake.png,vanilla
18.546598434448242,0.4778854250907898,0.33300742506980896,checkerboard,checkerboard_k=1,field_red_flowers.png,vanilla
23.829723358154297,0.615532398223877,0.3249512314796448,checkerboard,checkerboard_k=1,bowl_fruit_wooden.png,vanilla
20.09971809387207,0.5692169070243835,0.35569724440574646,checkerboard,checkerboard_k=1,blue_pink_toy.png,vanilla
22.129470825195312,0.70124351978302,0.26905500888824463,checkerboard,checkerboard_k=1,watch_wrist.png,vanilla
21.500770568847656,0.7974944114685059,0.23035027086734772,checkerboard,checkerboard_k=1,row_rubber_ducks.png,vanilla
18.424236297607422,0.35421857237815857,0.4642011523246765,checkerboard,checkerboard_k=1,pizza_box_pizza.png,vanilla
17.157859802246094,0.21896164119243622,0.47560203075408936,checkerboard,checkerboard_k=1,rocky_beach_large.png,vanilla
23.32758331298828,0.4772728383541107,0.3831847906112671,checkerboard,checkerboard_k=1,lemon_blue_surface.png,vanilla
13.945512771606445,0.1936461180448532,0.4962436854839325,checkerboard,checkerboard_k=2,woman_tending_garden.png,vanilla
18.82862091064453,0.6577188372612,0.30977344512939453,checkerboard,checkerboard_k=2,view_mountains_lake.png,vanilla
18.758445739746094,0.4918108880519867,0.31485486030578613,checkerboard,checkerboard_k=2,field_red_flowers.png,vanilla
23.819320678710938,0.6319136023521423,0.2718503475189209,checkerboard,checkerboard_k=2,bowl_fruit_wooden.png,vanilla
20.956501007080078,0.5776667594909668,0.3374027609825134,checkerboard,checkerboard_k=2,blue_pink_toy.png,vanilla
21.91956329345703,0.697566032409668,0.2427055537700653,checkerboard,checkerboard_k=2,watch_wrist.png,vanilla
21.9862003326416,0.8267797827720642,0.18934223055839539,checkerboard,checkerboard_k=2,row_rubber_ducks.png,vanilla
18.028287887573242,0.3572339415550232,0.45117926597595215,checkerboard,checkerboard_k=2,pizza_box_pizza.png,vanilla
16.86601448059082,0.22463726997375488,0.43152934312820435,checkerboard,checkerboard_k=2,rocky_beach_large.png,vanilla
23.9765682220459,0.4989334046840668,0.3263462781906128,checkerboard,checkerboard_k=2,lemon_blue_surface.png,vanilla
13.64273452758789,0.2521507740020752,0.43935540318489075,vertical_stripe,vertical_stripe_k=8,woman_tending_garden.png,res_10_10
13.84372615814209,0.587683916091919,0.3586897850036621,vertical_stripe,vertical_stripe_k=8,view_mountains_lake.png,res_10_10
13.91065502166748,0.4512925148010254,0.40924912691116333,vertical_stripe,vertical_stripe_k=8,field_red_flowers.png,res_10_10
22.12005043029785,0.6704913377761841,0.22064600884914398,vertical_stripe,vertical_stripe_k=8,bowl_fruit_wooden.png,res_10_10
19.387990951538086,0.5897709131240845,0.3009994924068451,vertical_stripe,vertical_stripe_k=8,blue_pink_toy.png,res_10_10
18.793474197387695,0.7035788297653198,0.20710566639900208,vertical_stripe,vertical_stripe_k=8,watch_wrist.png,res_10_10
17.859092712402344,0.8161770701408386,0.22488266229629517,vertical_stripe,vertical_stripe_k=8,row_rubber_ducks.png,res_10_10
17.042537689208984,0.37102967500686646,0.4073804020881653,vertical_stripe,vertical_stripe_k=8,pizza_box_pizza.png,res_10_10
16.202163696289062,0.26241588592529297,0.3808478116989136,vertical_stripe,vertical_stripe_k=8,rocky_beach_large.png,res_10_10
21.646305084228516,0.5137466788291931,0.27392974495887756,vertical_stripe,vertical_stripe_k=8,lemon_blue_surface.png,res_10_10
14.080979347229004,0.22443334758281708,0.46110454201698303,vertical_stripe,vertical_stripe_k=2,woman_tending_garden.png,res_10_10
18.54218864440918,0.6688550710678101,0.2850370407104492,vertical_stripe,vertical_stripe_k=2,view_mountains_lake.png,res_10_10
18.404172897338867,0.5007091760635376,0.3017950654029846,vertical_stripe,vertical_stripe_k=2,field_red_flowers.png,res_10_10
24.482221603393555,0.668001115322113,0.24300922453403473,vertical_stripe,vertical_stripe_k=2,bowl_fruit_wooden.png,res_10_10
20.245059967041016,0.5759212970733643,0.3210723102092743,vertical_stripe,vertical_stripe_k=2,blue_pink_toy.png,res_10_10
22.100566864013672,0.728313148021698,0.211536705493927,vertical_stripe,vertical_stripe_k=2,watch_wrist.png,res_10_10
21.746103286743164,0.8418455123901367,0.16843059659004211,vertical_stripe,vertical_stripe_k=2,row_rubber_ducks.png,res_10_10
17.57432746887207,0.35175275802612305,0.44569748640060425,vertical_stripe,vertical_stripe_k=2,pizza_box_pizza.png,res_10_10
16.982406616210938,0.2396334707736969,0.40841156244277954,vertical_stripe,vertical_stripe_k=2,rocky_beach_large.png,res_10_10
24.658533096313477,0.5129605531692505,0.2766921818256378,vertical_stripe,vertical_stripe_k=2,lemon_blue_surface.png,res_10_10
13.90008544921875,0.23768864572048187,0.44998884201049805,vertical_stripe,vertical_stripe_k=4,woman_tending_garden.png,res_10_10
17.960390090942383,0.6717318892478943,0.28719037771224976,vertical_stripe,vertical_stripe_k=4,view_mountains_lake.png,res_10_10
17.271690368652344,0.5138360857963562,0.28569716215133667,vertical_stripe,vertical_stripe_k=4,field_red_flowers.png,res_10_10
24.00400161743164,0.6819294691085815,0.2122768759727478,vertical_stripe,vertical_stripe_k=4,bowl_fruit_wooden.png,res_10_10
19.825664520263672,0.5782999992370605,0.3004475235939026,vertical_stripe,vertical_stripe_k=4,blue_pink_toy.png,res_10_10
21.880876541137695,0.727526068687439,0.19583463668823242,vertical_stripe,vertical_stripe_k=4,watch_wrist.png,res_10_10
20.65508460998535,0.8365747332572937,0.16983336210250854,vertical_stripe,vertical_stripe_k=4,row_rubber_ducks.png,res_10_10
17.503578186035156,0.3672413229942322,0.42325741052627563,vertical_stripe,vertical_stripe_k=4,pizza_box_pizza.png,res_10_10
16.872865676879883,0.25981849431991577,0.3797902464866638,vertical_stripe,vertical_stripe_k=4,rocky_beach_large.png,res_10_10
22.737157821655273,0.4969334602355957,0.27118009328842163,vertical_stripe,vertical_stripe_k=4,lemon_blue_surface.png,res_10_10
14.144895553588867,0.20185095071792603,0.49436458945274353,vertical_stripe,vertical_stripe_k=1,woman_tending_garden.png,res_10_10
18.994783401489258,0.6630567312240601,0.3116443157196045,vertical_stripe,vertical_stripe_k=1,view_mountains_lake.png,res_10_10
18.99212074279785,0.4909335970878601,0.3136603832244873,vertical_stripe,vertical_stripe_k=1,field_red_flowers.png,res_10_10
23.75200653076172,0.6264356970787048,0.32790955901145935,vertical_stripe,vertical_stripe_k=1,bowl_fruit_wooden.png,res_10_10
20.844999313354492,0.5745495557785034,0.34513017535209656,vertical_stripe,vertical_stripe_k=1,blue_pink_toy.png,res_10_10
23.1549072265625,0.7298640012741089,0.24306942522525787,vertical_stripe,vertical_stripe_k=1,watch_wrist.png,res_10_10
23.668907165527344,0.8487032651901245,0.15577037632465363,vertical_stripe,vertical_stripe_k=1,row_rubber_ducks.png,res_10_10
16.551692962646484,0.3023783266544342,0.5125964879989624,vertical_stripe,vertical_stripe_k=1,pizza_box_pizza.png,res_10_10
16.752002716064453,0.21835438907146454,0.45384952425956726,vertical_stripe,vertical_stripe_k=1,rocky_beach_large.png,res_10_10
24.383316040039062,0.5003828406333923,0.35498374700546265,vertical_stripe,vertical_stripe_k=1,lemon_blue_surface.png,res_10_10
14.206947326660156,0.214957594871521,0.4647412896156311,stochastic,stochastic_p=0.5_i=2,woman_tending_garden.png,res_10_10
19.0578670501709,0.667331337928772,0.29510387778282166,stochastic,stochastic_p=0.5_i=2,view_mountains_lake.png,res_10_10
18.601036071777344,0.4953339993953705,0.3070544898509979,stochastic,stochastic_p=0.5_i=2,field_red_flowers.png,res_10_10
24.07004165649414,0.6523335576057434,0.2487223893404007,stochastic,stochastic_p=0.5_i=2,bowl_fruit_wooden.png,res_10_10
21.366416931152344,0.5943461656570435,0.3047723174095154,stochastic,stochastic_p=0.5_i=2,blue_pink_toy.png,res_10_10
21.971397399902344,0.7192106246948242,0.2264632284641266,stochastic,stochastic_p=0.5_i=2,watch_wrist.png,res_10_10
23.48093032836914,0.8448179960250854,0.15888133645057678,stochastic,stochastic_p=0.5_i=2,row_rubber_ducks.png,res_10_10
18.305496215820312,0.3666302561759949,0.43253493309020996,stochastic,stochastic_p=0.5_i=2,pizza_box_pizza.png,res_10_10
17.13646125793457,0.24227666854858398,0.41990408301353455,stochastic,stochastic_p=0.5_i=2,rocky_beach_large.png,res_10_10
24.276182174682617,0.5003430247306824,0.3222927451133728,stochastic,stochastic_p=0.5_i=2,lemon_blue_surface.png,res_10_10
14.46236515045166,0.21033775806427002,0.4707116484642029,stochastic,stochastic_p=0.5_i=1,woman_tending_garden.png,res_10_10
18.79578971862793,0.6647844910621643,0.29758286476135254,stochastic,stochastic_p=0.5_i=1,view_mountains_lake.png,res_10_10
18.969873428344727,0.500199556350708,0.3015183210372925,stochastic,stochastic_p=0.5_i=1,field_red_flowers.png,res_10_10
23.606143951416016,0.6486457586288452,0.2686265707015991,stochastic,stochastic_p=0.5_i=1,bowl_fruit_wooden.png,res_10_10
21.031455993652344,0.5810967683792114,0.3207460641860962,stochastic,stochastic_p=0.5_i=1,blue_pink_toy.png,res_10_10
21.575586318969727,0.7051229476928711,0.2356736660003662,stochastic,stochastic_p=0.5_i=1,watch_wrist.png,res_10_10
23.002676010131836,0.8410612940788269,0.16283342242240906,stochastic,stochastic_p=0.5_i=1,row_rubber_ducks.png,res_10_10
18.4444637298584,0.36247190833091736,0.4319956600666046,stochastic,stochastic_p=0.5_i=1,pizza_box_pizza.png,res_10_10
17.04218292236328,0.2345184087753296,0.41788387298583984,stochastic,stochastic_p=0.5_i=1,rocky_beach_large.png,res_10_10
24.460954666137695,0.5100350379943848,0.29699018597602844,stochastic,stochastic_p=0.5_i=1,lemon_blue_surface.png,res_10_10
14.172821998596191,0.2130557745695114,0.46942055225372314,stochastic,stochastic_p=0.5_i=0,woman_tending_garden.png,res_10_10
19.159963607788086,0.6683236956596375,0.28403496742248535,stochastic,stochastic_p=0.5_i=0,view_mountains_lake.png,res_10_10
19.222984313964844,0.5082567930221558,0.30122047662734985,stochastic,stochastic_p=0.5_i=0,field_red_flowers.png,res_10_10
24.577722549438477,0.6627799868583679,0.24236726760864258,stochastic,stochastic_p=0.5_i=0,bowl_fruit_wooden.png,res_10_10
21.727628707885742,0.5894936323165894,0.3102918565273285,stochastic,stochastic_p=0.5_i=0,blue_pink_toy.png,res_10_10
22.338871002197266,0.7200359106063843,0.2073771357536316,stochastic,stochastic_p=0.5_i=0,watch_wrist.png,res_10_10
22.814990997314453,0.8435492515563965,0.17610777914524078,stochastic,stochastic_p=0.5_i=0,row_rubber_ducks.png,res_10_10
18.47284698486328,0.37071484327316284,0.4398495554924011,stochastic,stochastic_p=0.5_i=0,pizza_box_pizza.png,res_10_10
17.066665649414062,0.23210817575454712,0.41400977969169617,stochastic,stochastic_p=0.5_i=0,rocky_beach_large.png,res_10_10
24.576770782470703,0.5098899602890015,0.30805835127830505,stochastic,stochastic_p=0.5_i=0,lemon_blue_surface.png,res_10_10
13.977365493774414,0.2399137020111084,0.43385982513427734,horizontal_stripe,horizontal_stripe_k=4,woman_tending_garden.png,res_10_10
17.36121368408203,0.6551450490951538,0.31012097001075745,horizontal_stripe,horizontal_stripe_k=4,view_mountains_lake.png,res_10_10
13.746488571166992,0.42825326323509216,0.4038545489311218,horizontal_stripe,horizontal_stripe_k=4,field_red_flowers.png,res_10_10
23.00364875793457,0.6618928909301758,0.21041014790534973,horizontal_stripe,horizontal_stripe_k=4,bowl_fruit_wooden.png,res_10_10
19.815610885620117,0.5780457258224487,0.3081422746181488,horizontal_stripe,horizontal_stripe_k=4,blue_pink_toy.png,res_10_10
20.481117248535156,0.7110118865966797,0.20855771005153656,horizontal_stripe,horizontal_stripe_k=4,watch_wrist.png,res_10_10
19.675458908081055,0.8272454142570496,0.2020232230424881,horizontal_stripe,horizontal_stripe_k=4,row_rubber_ducks.png,res_10_10
17.862207412719727,0.38744300603866577,0.40256714820861816,horizontal_stripe,horizontal_stripe_k=4,pizza_box_pizza.png,res_10_10
16.729127883911133,0.25573909282684326,0.39135897159576416,horizontal_stripe,horizontal_stripe_k=4,rocky_beach_large.png,res_10_10
23.796899795532227,0.5276154279708862,0.2523863613605499,horizontal_stripe,horizontal_stripe_k=4,lemon_blue_surface.png,res_10_10
14.179644584655762,0.20882320404052734,0.4755261540412903,horizontal_stripe,horizontal_stripe_k=1,woman_tending_garden.png,res_10_10
18.779170989990234,0.6496752500534058,0.32736313343048096,horizontal_stripe,horizontal_stripe_k=1,view_mountains_lake.png,res_10_10
18.63275146484375,0.4585791826248169,0.3478602170944214,horizontal_stripe,horizontal_stripe_k=1,field_red_flowers.png,res_10_10
23.454999923706055,0.6396434307098389,0.2423492819070816,horizontal_stripe,horizontal_stripe_k=1,bowl_fruit_wooden.png,res_10_10
20.836864471435547,0.5751685500144958,0.3360980749130249,horizontal_stripe,horizontal_stripe_k=1,blue_pink_toy.png,res_10_10
22.846593856811523,0.7219760417938232,0.22265005111694336,horizontal_stripe,horizontal_stripe_k=1,watch_wrist.png,res_10_10
22.780868530273438,0.827765166759491,0.19629506766796112,horizontal_stripe,horizontal_stripe_k=1,row_rubber_ducks.png,res_10_10
18.268827438354492,0.36660036444664,0.4311071038246155,horizontal_stripe,horizontal_stripe_k=1,pizza_box_pizza.png,res_10_10
16.542821884155273,0.215267151594162,0.4320410192012787,horizontal_stripe,horizontal_stripe_k=1,rocky_beach_large.png,res_10_10
24.57102394104004,0.5065571069717407,0.3138122260570526,horizontal_stripe,horizontal_stripe_k=1,lemon_blue_surface.png,res_10_10
14.06591796875,0.22287186980247498,0.45300978422164917,horizontal_stripe,horizontal_stripe_k=2,woman_tending_garden.png,res_10_10
18.074907302856445,0.6512687802314758,0.30580267310142517,horizontal_stripe,horizontal_stripe_k=2,view_mountains_lake.png,res_10_10
18.30559730529785,0.4973127841949463,0.30050796270370483,horizontal_stripe,horizontal_stripe_k=2,field_red_flowers.png,res_10_10
23.249040603637695,0.6551870703697205,0.21744085848331451,horizontal_stripe,horizontal_stripe_k=2,bowl_fruit_wooden.png,res_10_10
20.673364639282227,0.5876221060752869,0.3025498688220978,horizontal_stripe,horizontal_stripe_k=2,blue_pink_toy.png,res_10_10
21.71438980102539,0.7170852422714233,0.21951019763946533,horizontal_stripe,horizontal_stripe_k=2,watch_wrist.png,res_10_10
20.871313095092773,0.832292914390564,0.17240750789642334,horizontal_stripe,horizontal_stripe_k=2,row_rubber_ducks.png,res_10_10
18.156614303588867,0.3744448125362396,0.4158584475517273,horizontal_stripe,horizontal_stripe_k=2,pizza_box_pizza.png,res_10_10
16.707632064819336,0.23547951877117157,0.4043499231338501,horizontal_stripe,horizontal_stripe_k=2,rocky_beach_large.png,res_10_10
24.34647560119629,0.5079016089439392,0.2700916528701782,horizontal_stripe,horizontal_stripe_k=2,lemon_blue_surface.png,res_10_10
13.636853218078613,0.24582764506340027,0.45672574639320374,horizontal_stripe,horizontal_stripe_k=8,woman_tending_garden.png,res_10_10
14.927449226379395,0.6097020506858826,0.38074010610580444,horizontal_stripe,horizontal_stripe_k=8,view_mountains_lake.png,res_10_10
13.290021896362305,0.3796118199825287,0.4847996234893799,horizontal_stripe,horizontal_stripe_k=8,field_red_flowers.png,res_10_10
17.932668685913086,0.6241738796234131,0.3003617525100708,horizontal_stripe,horizontal_stripe_k=8,bowl_fruit_wooden.png,res_10_10
19.011260986328125,0.597446858882904,0.3018934428691864,horizontal_stripe,horizontal_stripe_k=8,blue_pink_toy.png,res_10_10
17.13179588317871,0.6937243342399597,0.21508455276489258,horizontal_stripe,horizontal_stripe_k=8,watch_wrist.png,res_10_10
17.6965274810791,0.7934713363647461,0.22114384174346924,horizontal_stripe,horizontal_stripe_k=8,row_rubber_ducks.png,res_10_10
17.300846099853516,0.3871646821498871,0.40459388494491577,horizontal_stripe,horizontal_stripe_k=8,pizza_box_pizza.png,res_10_10
16.123804092407227,0.26644396781921387,0.37844619154930115,horizontal_stripe,horizontal_stripe_k=8,rocky_beach_large.png,res_10_10
20.181751251220703,0.5113959312438965,0.2671375572681427,horizontal_stripe,horizontal_stripe_k=8,lemon_blue_surface.png,res_10_10
13.14484977722168,0.24249355494976044,0.4419797956943512,checkerboard,checkerboard_k=16,woman_tending_garden.png,res_10_10
16.6307430267334,0.6487588882446289,0.30482152104377747,checkerboard,checkerboard_k=16,view_mountains_lake.png,res_10_10
15.335851669311523,0.5233563184738159,0.29332733154296875,checkerboard,checkerboard_k=16,field_red_flowers.png,res_10_10
21.570383071899414,0.677253007888794,0.2067190706729889,checkerboard,checkerboard_k=16,bowl_fruit_wooden.png,res_10_10
19.2620906829834,0.5985457301139832,0.28982681035995483,checkerboard,checkerboard_k=16,blue_pink_toy.png,res_10_10
17.176898956298828,0.6741396188735962,0.2467593252658844,checkerboard,checkerboard_k=16,watch_wrist.png,res_10_10
17.075735092163086,0.8156701326370239,0.21684783697128296,checkerboard,checkerboard_k=16,row_rubber_ducks.png,res_10_10
17.08026695251465,0.3850845694541931,0.3997073471546173,checkerboard,checkerboard_k=16,pizza_box_pizza.png,res_10_10
16.27693748474121,0.2663268744945526,0.3824049234390259,checkerboard,checkerboard_k=16,rocky_beach_large.png,res_10_10
21.47644805908203,0.5172468423843384,0.2627328336238861,checkerboard,checkerboard_k=16,lemon_blue_surface.png,res_10_10
13.449470520019531,0.23649108409881592,0.44461679458618164,checkerboard,checkerboard_k=8,woman_tending_garden.png,res_10_10
18.376296997070312,0.6704360246658325,0.2868537902832031,checkerboard,checkerboard_k=8,view_mountains_lake.png,res_10_10
17.29789924621582,0.505013108253479,0.3038104772567749,checkerboard,checkerboard_k=8,field_red_flowers.png,res_10_10
22.626449584960938,0.675679624080658,0.1996176391839981,checkerboard,checkerboard_k=8,bowl_fruit_wooden.png,res_10_10
19.847427368164062,0.5858819484710693,0.3062155246734619,checkerboard,checkerboard_k=8,blue_pink_toy.png,res_10_10
20.776405334472656,0.721706748008728,0.20017752051353455,checkerboard,checkerboard_k=8,watch_wrist.png,res_10_10
19.854156494140625,0.8323682546615601,0.17013540863990784,checkerboard,checkerboard_k=8,row_rubber_ducks.png,res_10_10
18.1160888671875,0.39571791887283325,0.39766496419906616,checkerboard,checkerboard_k=8,pizza_box_pizza.png,res_10_10
16.450820922851562,0.25878438353538513,0.37478071451187134,checkerboard,checkerboard_k=8,rocky_beach_large.png,res_10_10
22.89130210876465,0.5247418880462646,0.2592543363571167,checkerboard,checkerboard_k=8,lemon_blue_surface.png,res_10_10
14.100667953491211,0.2276090830564499,0.44463127851486206,checkerboard,checkerboard_k=4,woman_tending_garden.png,res_10_10
18.9094181060791,0.6776720881462097,0.27471017837524414,checkerboard,checkerboard_k=4,view_mountains_lake.png,res_10_10
18.789926528930664,0.5081301927566528,0.2948490083217621,checkerboard,checkerboard_k=4,field_red_flowers.png,res_10_10
24.4039363861084,0.6841593980789185,0.21261849999427795,checkerboard,checkerboard_k=4,bowl_fruit_wooden.png,res_10_10
20.991613388061523,0.5941316485404968,0.2880112826824188,checkerboard,checkerboard_k=4,blue_pink_toy.png,res_10_10
21.813316345214844,0.720961332321167,0.20142149925231934,checkerboard,checkerboard_k=4,watch_wrist.png,res_10_10
22.25343894958496,0.8453347086906433,0.15937018394470215,checkerboard,checkerboard_k=4,row_rubber_ducks.png,res_10_10
18.285982131958008,0.375519335269928,0.42164382338523865,checkerboard,checkerboard_k=4,pizza_box_pizza.png,res_10_10
17.1408748626709,0.24311017990112305,0.39678654074668884,checkerboard,checkerboard_k=4,rocky_beach_large.png,res_10_10
24.171485900878906,0.5107117891311646,0.27457886934280396,checkerboard,checkerboard_k=4,lemon_blue_surface.png,res_10_10
14.15719985961914,0.19081620872020721,0.49530601501464844,checkerboard,checkerboard_k=1,woman_tending_garden.png,res_10_10
19.17194175720215,0.6619105935096741,0.3255555033683777,checkerboard,checkerboard_k=1,view_mountains_lake.png,res_10_10
19.105531692504883,0.4893253445625305,0.3252590596675873,checkerboard,checkerboard_k=1,field_red_flowers.png,res_10_10
24.244081497192383,0.6282281875610352,0.3198302984237671,checkerboard,checkerboard_k=1,bowl_fruit_wooden.png,res_10_10
21.308792114257812,0.5873124003410339,0.3265492618083954,checkerboard,checkerboard_k=1,blue_pink_toy.png,res_10_10
22.56796646118164,0.719822883605957,0.24565213918685913,checkerboard,checkerboard_k=1,watch_wrist.png,res_10_10
24.141109466552734,0.8496441841125488,0.16638369858264923,checkerboard,checkerboard_k=1,row_rubber_ducks.png,res_10_10
18.44217300415039,0.35634559392929077,0.44558185338974,checkerboard,checkerboard_k=1,pizza_box_pizza.png,res_10_10
17.079891204833984,0.22391711175441742,0.44689860939979553,checkerboard,checkerboard_k=1,rocky_beach_large.png,res_10_10
23.804861068725586,0.48645636439323425,0.36830416321754456,checkerboard,checkerboard_k=1,lemon_blue_surface.png,res_10_10
14.147846221923828,0.20805811882019043,0.4797714948654175,checkerboard,checkerboard_k=2,woman_tending_garden.png,res_10_10
19.095367431640625,0.6650106310844421,0.30258145928382874,checkerboard,checkerboard_k=2,view_mountains_lake.png,res_10_10
19.01685905456543,0.49812015891075134,0.309425413608551,checkerboard,checkerboard_k=2,field_red_flowers.png,res_10_10
24.543872833251953,0.6526138782501221,0.2590775489807129,checkerboard,checkerboard_k=2,bowl_fruit_wooden.png,res_10_10
21.36613655090332,0.5891478061676025,0.3170788884162903,checkerboard,checkerboard_k=2,blue_pink_toy.png,res_10_10
22.342487335205078,0.7213136553764343,0.22899748384952545,checkerboard,checkerboard_k=2,watch_wrist.png,res_10_10
22.887907028198242,0.8481583595275879,0.15858060121536255,checkerboard,checkerboard_k=2,row_rubber_ducks.png,res_10_10
18.469318389892578,0.3688490390777588,0.43271997570991516,checkerboard,checkerboard_k=2,pizza_box_pizza.png,res_10_10
16.958065032958984,0.22898530960083008,0.43028008937835693,checkerboard,checkerboard_k=2,rocky_beach_large.png,res_10_10
24.743900299072266,0.515295147895813,0.3217811584472656,checkerboard,checkerboard_k=2,lemon_blue_surface.png,res_10_10
13.742232322692871,0.25297775864601135,0.43791109323501587,vertical_stripe,vertical_stripe_k=8,woman_tending_garden.png,res_5_5
14.374411582946777,0.5912129878997803,0.39848437905311584,vertical_stripe,vertical_stripe_k=8,view_mountains_lake.png,res_5_5
15.875754356384277,0.5094000101089478,0.3034827709197998,vertical_stripe,vertical_stripe_k=8,field_red_flowers.png,res_5_5
22.228525161743164,0.6806457042694092,0.19050604104995728,vertical_stripe,vertical_stripe_k=8,bowl_fruit_wooden.png,res_5_5
19.732437133789062,0.6024498343467712,0.3012460470199585,vertical_stripe,vertical_stripe_k=8,blue_pink_toy.png,res_5_5
18.257726669311523,0.709742546081543,0.21131294965744019,vertical_stripe,vertical_stripe_k=8,watch_wrist.png,res_5_5
18.273941040039062,0.8233036994934082,0.22197258472442627,vertical_stripe,vertical_stripe_k=8,row_rubber_ducks.png,res_5_5
16.99456787109375,0.37528449296951294,0.4056365489959717,vertical_stripe,vertical_stripe_k=8,pizza_box_pizza.png,res_5_5
16.40764617919922,0.2671732008457184,0.3736737370491028,vertical_stripe,vertical_stripe_k=8,rocky_beach_large.png,res_5_5
20.8220272064209,0.5075613260269165,0.29590192437171936,vertical_stripe,vertical_stripe_k=8,lemon_blue_surface.png,res_5_5
14.210416793823242,0.2293407917022705,0.444526731967926,vertical_stripe,vertical_stripe_k=2,woman_tending_garden.png,res_5_5
18.749378204345703,0.6755062937736511,0.28229019045829773,vertical_stripe,vertical_stripe_k=2,view_mountains_lake.png,res_5_5
18.32749366760254,0.5023238658905029,0.29768621921539307,vertical_stripe,vertical_stripe_k=2,field_red_flowers.png,res_5_5
24.275793075561523,0.6674358248710632,0.23080222308635712,vertical_stripe,vertical_stripe_k=2,bowl_fruit_wooden.png,res_5_5
20.28451919555664,0.5849186182022095,0.3107006549835205,vertical_stripe,vertical_stripe_k=2,blue_pink_toy.png,res_5_5
22.884180068969727,0.7328051924705505,0.19667065143585205,vertical_stripe,vertical_stripe_k=2,watch_wrist.png,res_5_5
22.71310806274414,0.8457404971122742,0.15964102745056152,vertical_stripe,vertical_stripe_k=2,row_rubber_ducks.png,res_5_5
17.467872619628906,0.35857638716697693,0.43719619512557983,vertical_stripe,vertical_stripe_k=2,pizza_box_pizza.png,res_5_5
16.672298431396484,0.23801469802856445,0.40734341740608215,vertical_stripe,vertical_stripe_k=2,rocky_beach_large.png,res_5_5
24.7288761138916,0.5199917554855347,0.27320414781570435,vertical_stripe,vertical_stripe_k=2,lemon_blue_surface.png,res_5_5
13.818398475646973,0.23856079578399658,0.4413793683052063,vertical_stripe,vertical_stripe_k=4,woman_tending_garden.png,res_5_5
17.78250503540039,0.6742476224899292,0.2840968370437622,vertical_stripe,vertical_stripe_k=4,view_mountains_lake.png,res_5_5
17.079448699951172,0.5136520862579346,0.28494101762771606,vertical_stripe,vertical_stripe_k=4,field_red_flowers.png,res_5_5
23.4351863861084,0.6768426895141602,0.21142640709877014,vertical_stripe,vertical_stripe_k=4,bowl_fruit_wooden.png,res_5_5
20.558073043823242,0.5950608253479004,0.28283846378326416,vertical_stripe,vertical_stripe_k=4,blue_pink_toy.png,res_5_5
21.752368927001953,0.7261540293693542,0.18664096295833588,vertical_stripe,vertical_stripe_k=4,watch_wrist.png,res_5_5
20.59514617919922,0.8324813842773438,0.1724427193403244,vertical_stripe,vertical_stripe_k=4,row_rubber_ducks.png,res_5_5
17.1635684967041,0.36827167868614197,0.4189841151237488,vertical_stripe,vertical_stripe_k=4,pizza_box_pizza.png,res_5_5
16.841712951660156,0.2575662136077881,0.37649738788604736,vertical_stripe,vertical_stripe_k=4,rocky_beach_large.png,res_5_5
23.45460319519043,0.5192450284957886,0.2524661123752594,vertical_stripe,vertical_stripe_k=4,lemon_blue_surface.png,res_5_5
14.274612426757812,0.20805619657039642,0.47828102111816406,vertical_stripe,vertical_stripe_k=1,woman_tending_garden.png,res_5_5
19.097684860229492,0.6665538549423218,0.3005991578102112,vertical_stripe,vertical_stripe_k=1,view_mountains_lake.png,res_5_5
19.344989776611328,0.49526405334472656,0.31367725133895874,vertical_stripe,vertical_stripe_k=1,field_red_flowers.png,res_5_5
24.050453186035156,0.6265860795974731,0.3070799708366394,vertical_stripe,vertical_stripe_k=1,bowl_fruit_wooden.png,res_5_5
21.034971237182617,0.5796892642974854,0.34115898609161377,vertical_stripe,vertical_stripe_k=1,blue_pink_toy.png,res_5_5
23.482030868530273,0.7356622219085693,0.2231374830007553,vertical_stripe,vertical_stripe_k=1,watch_wrist.png,res_5_5
23.976285934448242,0.8537771105766296,0.1593371033668518,vertical_stripe,vertical_stripe_k=1,row_rubber_ducks.png,res_5_5
16.579748153686523,0.3105672597885132,0.5063705444335938,vertical_stripe,vertical_stripe_k=1,pizza_box_pizza.png,res_5_5
16.857624053955078,0.21939194202423096,0.44182148575782776,vertical_stripe,vertical_stripe_k=1,rocky_beach_large.png,res_5_5
24.66953468322754,0.5122715830802917,0.326526939868927,vertical_stripe,vertical_stripe_k=1,lemon_blue_surface.png,res_5_5
14.419596672058105,0.21924160420894623,0.45894789695739746,stochastic,stochastic_p=0.5_i=2,woman_tending_garden.png,res_5_5
19.2229061126709,0.6743371486663818,0.28686779737472534,stochastic,stochastic_p=0.5_i=2,view_mountains_lake.png,res_5_5
18.925870895385742,0.4999704360961914,0.2965182065963745,stochastic,stochastic_p=0.5_i=2,field_red_flowers.png,res_5_5
24.270891189575195,0.6550209522247314,0.24216847121715546,stochastic,stochastic_p=0.5_i=2,bowl_fruit_wooden.png,res_5_5
21.28235626220703,0.5972573757171631,0.301145076751709,stochastic,stochastic_p=0.5_i=2,blue_pink_toy.png,res_5_5
22.94013023376465,0.7308793067932129,0.20356959104537964,stochastic,stochastic_p=0.5_i=2,watch_wrist.png,res_5_5
23.62327766418457,0.8513504862785339,0.15024995803833008,stochastic,stochastic_p=0.5_i=2,row_rubber_ducks.png,res_5_5
18.47885513305664,0.36919087171554565,0.4266517460346222,stochastic,stochastic_p=0.5_i=2,pizza_box_pizza.png,res_5_5
17.080713272094727,0.23453935980796814,0.41670989990234375,stochastic,stochastic_p=0.5_i=2,rocky_beach_large.png,res_5_5
24.525432586669922,0.5084872245788574,0.3079705536365509,stochastic,stochastic_p=0.5_i=2,lemon_blue_surface.png,res_5_5
14.023680686950684,0.21175619959831238,0.468613862991333,stochastic,stochastic_p=0.5_i=1,woman_tending_garden.png,res_5_5
18.9123477935791,0.669619083404541,0.2958303689956665,stochastic,stochastic_p=0.5_i=1,view_mountains_lake.png,res_5_5
19.248332977294922,0.5071383714675903,0.2900092601776123,stochastic,stochastic_p=0.5_i=1,field_red_flowers.png,res_5_5
23.963035583496094,0.6537789106369019,0.2505662143230438,stochastic,stochastic_p=0.5_i=1,bowl_fruit_wooden.png,res_5_5
21.272945404052734,0.5929914712905884,0.3065337538719177,stochastic,stochastic_p=0.5_i=1,blue_pink_toy.png,res_5_5
22.157718658447266,0.7201642394065857,0.21796223521232605,stochastic,stochastic_p=0.5_i=1,watch_wrist.png,res_5_5
23.07066535949707,0.8486737012863159,0.1545638144016266,stochastic,stochastic_p=0.5_i=1,row_rubber_ducks.png,res_5_5
18.48782730102539,0.3670264184474945,0.42987844347953796,stochastic,stochastic_p=0.5_i=1,pizza_box_pizza.png,res_5_5
17.108015060424805,0.23825299739837646,0.420034259557724,stochastic,stochastic_p=0.5_i=1,rocky_beach_large.png,res_5_5
24.268205642700195,0.5123418569564819,0.2983438968658447,stochastic,stochastic_p=0.5_i=1,lemon_blue_surface.png,res_5_5
14.227278709411621,0.21653306484222412,0.45684340596199036,stochastic,stochastic_p=0.5_i=0,woman_tending_garden.png,res_5_5
19.205812454223633,0.672393798828125,0.28429239988327026,stochastic,stochastic_p=0.5_i=0,view_mountains_lake.png,res_5_5
19.319538116455078,0.5060333013534546,0.2946711778640747,stochastic,stochastic_p=0.5_i=0,field_red_flowers.png,res_5_5
24.534048080444336,0.6684247851371765,0.21339598298072815,stochastic,stochastic_p=0.5_i=0,bowl_fruit_wooden.png,res_5_5
21.821130752563477,0.5969383120536804,0.30130136013031006,stochastic,stochastic_p=0.5_i=0,blue_pink_toy.png,res_5_5
22.798887252807617,0.7273127436637878,0.20200535655021667,stochastic,stochastic_p=0.5_i=0,watch_wrist.png,res_5_5
23.25172233581543,0.8510133028030396,0.1476103514432907,stochastic,stochastic_p=0.5_i=0,row_rubber_ducks.png,res_5_5
18.347623825073242,0.36678004264831543,0.4374603033065796,stochastic,stochastic_p=0.5_i=0,pizza_box_pizza.png,res_5_5
17.23124885559082,0.2368011772632599,0.40860873460769653,stochastic,stochastic_p=0.5_i=0,rocky_beach_large.png,res_5_5
24.605091094970703,0.5108337998390198,0.29630130529403687,stochastic,stochastic_p=0.5_i=0,lemon_blue_surface.png,res_5_5
13.933493614196777,0.2438586801290512,0.44089874625205994,horizontal_stripe,horizontal_stripe_k=4,woman_tending_garden.png,res_5_5
17.36937713623047,0.6552215814590454,0.30272960662841797,horizontal_stripe,horizontal_stripe_k=4,view_mountains_lake.png,res_5_5
12.4005708694458,0.40673768520355225,0.41000694036483765,horizontal_stripe,horizontal_stripe_k=4,field_red_flowers.png,res_5_5
23.025005340576172,0.6738035678863525,0.2076481431722641,horizontal_stripe,horizontal_stripe_k=4,bowl_fruit_wooden.png,res_5_5
20.12177085876465,0.5982892513275146,0.2971840500831604,horizontal_stripe,horizontal_stripe_k=4,blue_pink_toy.png,res_5_5
20.610870361328125,0.7220118045806885,0.19089269638061523,horizontal_stripe,horizontal_stripe_k=4,watch_wrist.png,res_5_5
19.174711227416992,0.8212347030639648,0.23723763227462769,horizontal_stripe,horizontal_stripe_k=4,row_rubber_ducks.png,res_5_5
17.759620666503906,0.38227158784866333,0.40655067563056946,horizontal_stripe,horizontal_stripe_k=4,pizza_box_pizza.png,res_5_5
16.809099197387695,0.2564060091972351,0.390197217464447,horizontal_stripe,horizontal_stripe_k=4,rocky_beach_large.png,res_5_5
24.309812545776367,0.527707040309906,0.24619708955287933,horizontal_stripe,horizontal_stripe_k=4,lemon_blue_surface.png,res_5_5
14.066825866699219,0.20958459377288818,0.4776797592639923,horizontal_stripe,horizontal_stripe_k=1,woman_tending_garden.png,res_5_5
18.806079864501953,0.6583935618400574,0.3119108974933624,horizontal_stripe,horizontal_stripe_k=1,view_mountains_lake.png,res_5_5
17.135787963867188,0.4512331485748291,0.33078086376190186,horizontal_stripe,horizontal_stripe_k=1,field_red_flowers.png,res_5_5
23.52684211730957,0.6410825252532959,0.23656536638736725,horizontal_stripe,horizontal_stripe_k=1,bowl_fruit_wooden.png,res_5_5
20.94793701171875,0.5820667147636414,0.3257656693458557,horizontal_stripe,horizontal_stripe_k=1,blue_pink_toy.png,res_5_5
23.220062255859375,0.7296895384788513,0.20258091390132904,horizontal_stripe,horizontal_stripe_k=1,watch_wrist.png,res_5_5
22.95372200012207,0.8387050628662109,0.1592358946800232,horizontal_stripe,horizontal_stripe_k=1,row_rubber_ducks.png,res_5_5
18.268367767333984,0.36521491408348083,0.4329130947589874,horizontal_stripe,horizontal_stripe_k=1,pizza_box_pizza.png,res_5_5
17.082496643066406,0.23259830474853516,0.4145463705062866,horizontal_stripe,horizontal_stripe_k=1,rocky_beach_large.png,res_5_5
24.751611709594727,0.5092982053756714,0.2938123047351837,horizontal_stripe,horizontal_stripe_k=1,lemon_blue_surface.png,res_5_5
14.125212669372559,0.2285356968641281,0.4452931880950928,horizontal_stripe,horizontal_stripe_k=2,woman_tending_garden.png,res_5_5
18.375385284423828,0.6631496548652649,0.2902718782424927,horizontal_stripe,horizontal_stripe_k=2,view_mountains_lake.png,res_5_5
18.47911262512207,0.4954955577850342,0.30489206314086914,horizontal_stripe,horizontal_stripe_k=2,field_red_flowers.png,res_5_5
23.53953742980957,0.6551329493522644,0.20637771487236023,horizontal_stripe,horizontal_stripe_k=2,bowl_fruit_wooden.png,res_5_5
20.410385131835938,0.589568555355072,0.2986505627632141,horizontal_stripe,horizontal_stripe_k=2,blue_pink_toy.png,res_5_5
22.041561126708984,0.723647952079773,0.1990407407283783,horizontal_stripe,horizontal_stripe_k=2,watch_wrist.png,res_5_5
21.55440902709961,0.844022274017334,0.14959722757339478,horizontal_stripe,horizontal_stripe_k=2,row_rubber_ducks.png,res_5_5
18.09056854248047,0.3729507625102997,0.4170023500919342,horizontal_stripe,horizontal_stripe_k=2,pizza_box_pizza.png,res_5_5
16.74068260192871,0.2332785576581955,0.3960452079772949,horizontal_stripe,horizontal_stripe_k=2,rocky_beach_large.png,res_5_5
24.582645416259766,0.5184071063995361,0.25467151403427124,horizontal_stripe,horizontal_stripe_k=2,lemon_blue_surface.png,res_5_5
13.582518577575684,0.25374555587768555,0.45186594128608704,horizontal_stripe,horizontal_stripe_k=8,woman_tending_garden.png,res_5_5
15.276884078979492,0.6085729002952576,0.37255847454071045,horizontal_stripe,horizontal_stripe_k=8,view_mountains_lake.png,res_5_5
13.235941886901855,0.4072035253047943,0.4596049189567566,horizontal_stripe,horizontal_stripe_k=8,field_red_flowers.png,res_5_5
17.605884552001953,0.631291389465332,0.2682427763938904,horizontal_stripe,horizontal_stripe_k=8,bowl_fruit_wooden.png,res_5_5
18.132638931274414,0.597806453704834,0.3042321801185608,horizontal_stripe,horizontal_stripe_k=8,blue_pink_toy.png,res_5_5
17.020771026611328,0.7088640928268433,0.22016647458076477,horizontal_stripe,horizontal_stripe_k=8,watch_wrist.png,res_5_5
17.586353302001953,0.789643406867981,0.2576490044593811,horizontal_stripe,horizontal_stripe_k=8,row_rubber_ducks.png,res_5_5
17.00754165649414,0.3795490860939026,0.3994166851043701,horizontal_stripe,horizontal_stripe_k=8,pizza_box_pizza.png,res_5_5
15.592955589294434,0.2722857594490051,0.3989112377166748,horizontal_stripe,horizontal_stripe_k=8,rocky_beach_large.png,res_5_5
22.059518814086914,0.5179055333137512,0.23665751516819,horizontal_stripe,horizontal_stripe_k=8,lemon_blue_surface.png,res_5_5
13.259164810180664,0.24485686421394348,0.4414052963256836,checkerboard,checkerboard_k=16,woman_tending_garden.png,res_5_5
17.221900939941406,0.6538292169570923,0.2980135381221771,checkerboard,checkerboard_k=16,view_mountains_lake.png,res_5_5
15.942691802978516,0.5215233564376831,0.29549121856689453,checkerboard,checkerboard_k=16,field_red_flowers.png,res_5_5
20.849788665771484,0.6801747679710388,0.2058585286140442,checkerboard,checkerboard_k=16,bowl_fruit_wooden.png,res_5_5
18.757789611816406,0.6027006506919861,0.29819411039352417,checkerboard,checkerboard_k=16,blue_pink_toy.png,res_5_5
17.33770179748535,0.6892485618591309,0.23860293626785278,checkerboard,checkerboard_k=16,watch_wrist.png,res_5_5
16.995121002197266,0.8095635175704956,0.22593888640403748,checkerboard,checkerboard_k=16,row_rubber_ducks.png,res_5_5
16.818798065185547,0.38475891947746277,0.39488521218299866,checkerboard,checkerboard_k=16,pizza_box_pizza.png,res_5_5
16.3087215423584,0.262918084859848,0.38308942317962646,checkerboard,checkerboard_k=16,rocky_beach_large.png,res_5_5
19.238418579101562,0.5191314220428467,0.3055230975151062,checkerboard,checkerboard_k=16,lemon_blue_surface.png,res_5_5
13.73257064819336,0.23944878578186035,0.4434409439563751,checkerboard,checkerboard_k=8,woman_tending_garden.png,res_5_5
18.31226348876953,0.6787297129631042,0.27038517594337463,checkerboard,checkerboard_k=8,view_mountains_lake.png,res_5_5
18.300779342651367,0.5202035307884216,0.288299024105072,checkerboard,checkerboard_k=8,field_red_flowers.png,res_5_5
23.115455627441406,0.6768449544906616,0.19695769250392914,checkerboard,checkerboard_k=8,bowl_fruit_wooden.png,res_5_5
19.706222534179688,0.5972819328308105,0.30153849720954895,checkerboard,checkerboard_k=8,blue_pink_toy.png,res_5_5
21.018543243408203,0.7288717031478882,0.19606736302375793,checkerboard,checkerboard_k=8,watch_wrist.png,res_5_5
20.13973617553711,0.8397231101989746,0.16674651205539703,checkerboard,checkerboard_k=8,row_rubber_ducks.png,res_5_5
18.01860809326172,0.3931811451911926,0.4014463424682617,checkerboard,checkerboard_k=8,pizza_box_pizza.png,res_5_5
16.636688232421875,0.2595336139202118,0.3794745206832886,checkerboard,checkerboard_k=8,rocky_beach_large.png,res_5_5
24.023441314697266,0.5305806398391724,0.24469304084777832,checkerboard,checkerboard_k=8,lemon_blue_surface.png,res_5_5
14.093756675720215,0.22887587547302246,0.44095999002456665,checkerboard,checkerboard_k=4,woman_tending_garden.png,res_5_5
18.87851905822754,0.6812291145324707,0.26785722374916077,checkerboard,checkerboard_k=4,view_mountains_lake.png,res_5_5
18.722469329833984,0.5075958371162415,0.28474128246307373,checkerboard,checkerboard_k=4,field_red_flowers.png,res_5_5
24.13041877746582,0.6798523664474487,0.19993294775485992,checkerboard,checkerboard_k=4,bowl_fruit_wooden.png,res_5_5
20.881437301635742,0.5971758961677551,0.29005587100982666,checkerboard,checkerboard_k=4,blue_pink_toy.png,res_5_5
22.240543365478516,0.7248132228851318,0.1959315985441208,checkerboard,checkerboard_k=4,watch_wrist.png,res_5_5
22.74980926513672,0.8521325588226318,0.14615851640701294,checkerboard,checkerboard_k=4,row_rubber_ducks.png,res_5_5
18.142723083496094,0.3735225200653076,0.4159863293170929,checkerboard,checkerboard_k=4,pizza_box_pizza.png,res_5_5
17.114816665649414,0.24769186973571777,0.3863767683506012,checkerboard,checkerboard_k=4,rocky_beach_large.png,res_5_5
24.33696174621582,0.5147821307182312,0.26546400785446167,checkerboard,checkerboard_k=4,lemon_blue_surface.png,res_5_5
14.238960266113281,0.19948241114616394,0.4809074401855469,checkerboard,checkerboard_k=1,woman_tending_garden.png,res_5_5
19.335773468017578,0.6668631434440613,0.3140738010406494,checkerboard,checkerboard_k=1,view_mountains_lake.png,res_5_5
19.465253829956055,0.5015076398849487,0.3146969974040985,checkerboard,checkerboard_k=1,field_red_flowers.png,res_5_5
24.32781982421875,0.632219672203064,0.30421561002731323,checkerboard,checkerboard_k=1,bowl_fruit_wooden.png,res_5_5
21.317739486694336,0.587996780872345,0.32122841477394104,checkerboard,checkerboard_k=1,blue_pink_toy.png,res_5_5
23.239450454711914,0.735569417476654,0.22275182604789734,checkerboard,checkerboard_k=1,watch_wrist.png,res_5_5
24.040769577026367,0.8545712828636169,0.15327835083007812,checkerboard,checkerboard_k=1,row_rubber_ducks.png,res_5_5
18.561094284057617,0.36050111055374146,0.44535526633262634,checkerboard,checkerboard_k=1,pizza_box_pizza.png,res_5_5
17.280845642089844,0.22682878375053406,0.45138269662857056,checkerboard,checkerboard_k=1,rocky_beach_large.png,res_5_5
24.055362701416016,0.49590373039245605,0.3586568832397461,checkerboard,checkerboard_k=1,lemon_blue_surface.png,res_5_5
14.193534851074219,0.21170541644096375,0.4710109829902649,checkerboard,checkerboard_k=2,woman_tending_garden.png,res_5_5
19.173593521118164,0.6710095405578613,0.29204294085502625,checkerboard,checkerboard_k=2,view_mountains_lake.png,res_5_5
19.3232479095459,0.504815936088562,0.2951042652130127,checkerboard,checkerboard_k=2,field_red_flowers.png,res_5_5
24.55499839782715,0.6566274166107178,0.2290838658809662,checkerboard,checkerboard_k=2,bowl_fruit_wooden.png,res_5_5
21.569929122924805,0.5932597517967224,0.3139156401157379,checkerboard,checkerboard_k=2,blue_pink_toy.png,res_5_5
22.916040420532227,0.7294577360153198,0.20948320627212524,checkerboard,checkerboard_k=2,watch_wrist.png,res_5_5
23.14515495300293,0.8534194231033325,0.1526891589164734,checkerboard,checkerboard_k=2,row_rubber_ducks.png,res_5_5
18.37778091430664,0.3680759072303772,0.43953680992126465,checkerboard,checkerboard_k=2,pizza_box_pizza.png,res_5_5
17.135265350341797,0.23863592743873596,0.4222119450569153,checkerboard,checkerboard_k=2,rocky_beach_large.png,res_5_5
24.816648483276367,0.5210820436477661,0.3093762993812561,checkerboard,checkerboard_k=2,lemon_blue_surface.png,res_5_5
13.636444091796875,0.2525438368320465,0.4402434825897217,vertical_stripe,vertical_stripe_k=8,woman_tending_garden.png,res_cfg_0.5
13.136030197143555,0.560025691986084,0.40012380480766296,vertical_stripe,vertical_stripe_k=8,view_mountains_lake.png,res_cfg_0.5
13.779314994812012,0.44675248861312866,0.4151417016983032,vertical_stripe,vertical_stripe_k=8,field_red_flowers.png,res_cfg_0.5
21.431129455566406,0.6650168895721436,0.21489262580871582,vertical_stripe,vertical_stripe_k=8,bowl_fruit_wooden.png,res_cfg_0.5
19.32038688659668,0.5876805186271667,0.30693182349205017,vertical_stripe,vertical_stripe_k=8,blue_pink_toy.png,res_cfg_0.5
18.821048736572266,0.7019566893577576,0.20708666741847992,vertical_stripe,vertical_stripe_k=8,watch_wrist.png,res_cfg_0.5
17.65565299987793,0.8091996908187866,0.22840824723243713,vertical_stripe,vertical_stripe_k=8,row_rubber_ducks.png,res_cfg_0.5
17.253215789794922,0.3712329864501953,0.40504196286201477,vertical_stripe,vertical_stripe_k=8,pizza_box_pizza.png,res_cfg_0.5
16.150962829589844,0.25933119654655457,0.3832603693008423,vertical_stripe,vertical_stripe_k=8,rocky_beach_large.png,res_cfg_0.5
20.381383895874023,0.5042859315872192,0.3005571961402893,vertical_stripe,vertical_stripe_k=8,lemon_blue_surface.png,res_cfg_0.5
14.066872596740723,0.22427456080913544,0.4613414406776428,vertical_stripe,vertical_stripe_k=2,woman_tending_garden.png,res_cfg_0.5
18.536354064941406,0.6691642999649048,0.2848876118659973,vertical_stripe,vertical_stripe_k=2,view_mountains_lake.png,res_cfg_0.5
18.402381896972656,0.5006632804870605,0.30166029930114746,vertical_stripe,vertical_stripe_k=2,field_red_flowers.png,res_cfg_0.5
24.38258934020996,0.6653479933738708,0.248099684715271,vertical_stripe,vertical_stripe_k=2,bowl_fruit_wooden.png,res_cfg_0.5
20.20867919921875,0.5750396251678467,0.3221833407878876,vertical_stripe,vertical_stripe_k=2,blue_pink_toy.png,res_cfg_0.5
22.169673919677734,0.7272378206253052,0.21129190921783447,vertical_stripe,vertical_stripe_k=2,watch_wrist.png,res_cfg_0.5
21.691951751708984,0.8399163484573364,0.1720086634159088,vertical_stripe,vertical_stripe_k=2,row_rubber_ducks.png,res_cfg_0.5
17.95232582092285,0.3464393615722656,0.45215049386024475,vertical_stripe,vertical_stripe_k=2,pizza_box_pizza.png,res_cfg_0.5
16.956912994384766,0.2388705015182495,0.4101282060146332,vertical_stripe,vertical_stripe_k=2,rocky_beach_large.png,res_cfg_0.5
24.557403564453125,0.5108338594436646,0.279738187789917,vertical_stripe,vertical_stripe_k=2,lemon_blue_surface.png,res_cfg_0.5
13.883201599121094,0.23768210411071777,0.4505573809146881,vertical_stripe,vertical_stripe_k=4,woman_tending_garden.png,res_cfg_0.5
17.96908950805664,0.6718117594718933,0.28718072175979614,vertical_stripe,vertical_stripe_k=4,view_mountains_lake.png,res_cfg_0.5
16.102333068847656,0.5079943537712097,0.311524361371994,vertical_stripe,vertical_stripe_k=4,field_red_flowers.png,res_cfg_0.5
23.994638442993164,0.6807672381401062,0.21311673521995544,vertical_stripe,vertical_stripe_k=4,bowl_fruit_wooden.png,res_cfg_0.5
19.82596778869629,0.5772638320922852,0.30080342292785645,vertical_stripe,vertical_stripe_k=4,blue_pink_toy.png,res_cfg_0.5
22.097152709960938,0.7289565801620483,0.19520190358161926,vertical_stripe,vertical_stripe_k=4,watch_wrist.png,res_cfg_0.5
20.49591064453125,0.8338674902915955,0.17546305060386658,vertical_stripe,vertical_stripe_k=4,row_rubber_ducks.png,res_cfg_0.5
17.646224975585938,0.36673447489738464,0.42207807302474976,vertical_stripe,vertical_stripe_k=4,pizza_box_pizza.png,res_cfg_0.5
16.86195945739746,0.2597258985042572,0.37992268800735474,vertical_stripe,vertical_stripe_k=4,rocky_beach_large.png,res_cfg_0.5
22.34930992126465,0.4927787780761719,0.2874663174152374,vertical_stripe,vertical_stripe_k=4,lemon_blue_surface.png,res_cfg_0.5
14.139333724975586,0.2018263339996338,0.49514245986938477,vertical_stripe,vertical_stripe_k=1,woman_tending_garden.png,res_cfg_0.5
18.97034454345703,0.6619640588760376,0.31466174125671387,vertical_stripe,vertical_stripe_k=1,view_mountains_lake.png,res_cfg_0.5
18.97686767578125,0.49053138494491577,0.3147174119949341,vertical_stripe,vertical_stripe_k=1,field_red_flowers.png,res_cfg_0.5
23.65658187866211,0.622384250164032,0.3357497751712799,vertical_stripe,vertical_stripe_k=1,bowl_fruit_wooden.png,res_cfg_0.5
20.689443588256836,0.5718496441841125,0.34982219338417053,vertical_stripe,vertical_stripe_k=1,blue_pink_toy.png,res_cfg_0.5
23.10021209716797,0.7285528182983398,0.2454383373260498,vertical_stripe,vertical_stripe_k=1,watch_wrist.png,res_cfg_0.5
23.580610275268555,0.8470042943954468,0.15823251008987427,vertical_stripe,vertical_stripe_k=1,row_rubber_ducks.png,res_cfg_0.5
16.58836555480957,0.3016905188560486,0.5150786638259888,vertical_stripe,vertical_stripe_k=1,pizza_box_pizza.png,res_cfg_0.5
16.711265563964844,0.21720300614833832,0.45688489079475403,vertical_stripe,vertical_stripe_k=1,rocky_beach_large.png,res_cfg_0.5
24.320669174194336,0.49878570437431335,0.3575580418109894,vertical_stripe,vertical_stripe_k=1,lemon_blue_surface.png,res_cfg_0.5
14.278244972229004,0.2143039107322693,0.4664662778377533,stochastic,stochastic_p=0.5_i=2,woman_tending_garden.png,res_cfg_0.5
19.04598617553711,0.6669232249259949,0.29552337527275085,stochastic,stochastic_p=0.5_i=2,view_mountains_lake.png,res_cfg_0.5
18.583301544189453,0.4953464865684509,0.30712008476257324,stochastic,stochastic_p=0.5_i=2,field_red_flowers.png,res_cfg_0.5
24.002967834472656,0.6507440805435181,0.2513717710971832,stochastic,stochastic_p=0.5_i=2,bowl_fruit_wooden.png,res_cfg_0.5
21.28643226623535,0.5934411287307739,0.30589914321899414,stochastic,stochastic_p=0.5_i=2,blue_pink_toy.png,res_cfg_0.5
21.952335357666016,0.718440055847168,0.22822144627571106,stochastic,stochastic_p=0.5_i=2,watch_wrist.png,res_cfg_0.5
23.441930770874023,0.8427910804748535,0.16316379606723785,stochastic,stochastic_p=0.5_i=2,row_rubber_ducks.png,res_cfg_0.5
18.270599365234375,0.3631795346736908,0.4374017119407654,stochastic,stochastic_p=0.5_i=2,pizza_box_pizza.png,res_cfg_0.5
17.137653350830078,0.2418319433927536,0.4201270341873169,stochastic,stochastic_p=0.5_i=2,rocky_beach_large.png,res_cfg_0.5
24.261430740356445,0.4994775652885437,0.32416462898254395,stochastic,stochastic_p=0.5_i=2,lemon_blue_surface.png,res_cfg_0.5
14.442573547363281,0.20954786241054535,0.47242435812950134,stochastic,stochastic_p=0.5_i=1,woman_tending_garden.png,res_cfg_0.5
18.793134689331055,0.6645172834396362,0.29778462648391724,stochastic,stochastic_p=0.5_i=1,view_mountains_lake.png,res_cfg_0.5
18.972063064575195,0.4999428689479828,0.30155855417251587,stochastic,stochastic_p=0.5_i=1,field_red_flowers.png,res_cfg_0.5
23.57367706298828,0.647249162197113,0.2708951532840729,stochastic,stochastic_p=0.5_i=1,bowl_fruit_wooden.png,res_cfg_0.5
20.95475196838379,0.5798823833465576,0.32227838039398193,stochastic,stochastic_p=0.5_i=1,blue_pink_toy.png,res_cfg_0.5
21.546541213989258,0.7040623426437378,0.23794707655906677,stochastic,stochastic_p=0.5_i=1,watch_wrist.png,res_cfg_0.5
22.954500198364258,0.8392896056175232,0.16605719923973083,stochastic,stochastic_p=0.5_i=1,row_rubber_ducks.png,res_cfg_0.5
18.400636672973633,0.3597699999809265,0.43530982732772827,stochastic,stochastic_p=0.5_i=1,pizza_box_pizza.png,res_cfg_0.5
17.05473518371582,0.2342924177646637,0.41855645179748535,stochastic,stochastic_p=0.5_i=1,rocky_beach_large.png,res_cfg_0.5
24.405385971069336,0.5093364715576172,0.2989932596683502,stochastic,stochastic_p=0.5_i=1,lemon_blue_surface.png,res_cfg_0.5
14.165660858154297,0.21239599585533142,0.47097504138946533,stochastic,stochastic_p=0.5_i=0,woman_tending_garden.png,res_cfg_0.5
19.150251388549805,0.6679394245147705,0.2848811447620392,stochastic,stochastic_p=0.5_i=0,view_mountains_lake.png,res_cfg_0.5
19.222370147705078,0.5081503391265869,0.3017030358314514,stochastic,stochastic_p=0.5_i=0,field_red_flowers.png,res_cfg_0.5
24.491744995117188,0.6597399711608887,0.2501649260520935,stochastic,stochastic_p=0.5_i=0,bowl_fruit_wooden.png,res_cfg_0.5
21.62810516357422,0.5881285071372986,0.31251955032348633,stochastic,stochastic_p=0.5_i=0,blue_pink_toy.png,res_cfg_0.5
22.307353973388672,0.7188097238540649,0.20937414467334747,stochastic,stochastic_p=0.5_i=0,watch_wrist.png,res_cfg_0.5
22.720672607421875,0.8406493067741394,0.18025894463062286,stochastic,stochastic_p=0.5_i=0,row_rubber_ducks.png,res_cfg_0.5
18.444515228271484,0.36847302317619324,0.44364142417907715,stochastic,stochastic_p=0.5_i=0,pizza_box_pizza.png,res_cfg_0.5
17.077396392822266,0.23173527419567108,0.4140700697898865,stochastic,stochastic_p=0.5_i=0,rocky_beach_large.png,res_cfg_0.5
24.444721221923828,0.5075029134750366,0.311881422996521,stochastic,stochastic_p=0.5_i=0,lemon_blue_surface.png,res_cfg_0.5
13.975146293640137,0.23944012820720673,0.43441522121429443,horizontal_stripe,horizontal_stripe_k=4,woman_tending_garden.png,res_cfg_0.5
17.34342384338379,0.6534907817840576,0.31299135088920593,horizontal_stripe,horizontal_stripe_k=4,view_mountains_lake.png,res_cfg_0.5
13.658044815063477,0.371396005153656,0.40983834862709045,horizontal_stripe,horizontal_stripe_k=4,field_red_flowers.png,res_cfg_0.5
23.133798599243164,0.6641808748245239,0.207483172416687,horizontal_stripe,horizontal_stripe_k=4,bowl_fruit_wooden.png,res_cfg_0.5
19.79096794128418,0.5785462856292725,0.30781975388526917,horizontal_stripe,horizontal_stripe_k=4,blue_pink_toy.png,res_cfg_0.5
20.43992805480957,0.7094923257827759,0.21017006039619446,horizontal_stripe,horizontal_stripe_k=4,watch_wrist.png,res_cfg_0.5
19.50241470336914,0.8248991370201111,0.20410162210464478,horizontal_stripe,horizontal_stripe_k=4,row_rubber_ducks.png,res_cfg_0.5
17.744403839111328,0.38180574774742126,0.4123148024082184,horizontal_stripe,horizontal_stripe_k=4,pizza_box_pizza.png,res_cfg_0.5
16.772705078125,0.2553459703922272,0.3909018039703369,horizontal_stripe,horizontal_stripe_k=4,rocky_beach_large.png,res_cfg_0.5
23.609209060668945,0.5245878100395203,0.2552558183670044,horizontal_stripe,horizontal_stripe_k=4,lemon_blue_surface.png,res_cfg_0.5
14.176767349243164,0.20839759707450867,0.4763888120651245,horizontal_stripe,horizontal_stripe_k=1,woman_tending_garden.png,res_cfg_0.5
18.673954010009766,0.6466814279556274,0.33452320098876953,horizontal_stripe,horizontal_stripe_k=1,view_mountains_lake.png,res_cfg_0.5
19.18829345703125,0.49693021178245544,0.3049803376197815,horizontal_stripe,horizontal_stripe_k=1,field_red_flowers.png,res_cfg_0.5
23.406898498535156,0.6387943625450134,0.243315190076828,horizontal_stripe,horizontal_stripe_k=1,bowl_fruit_wooden.png,res_cfg_0.5
20.80172348022461,0.5744593143463135,0.33671003580093384,horizontal_stripe,horizontal_stripe_k=1,blue_pink_toy.png,res_cfg_0.5
22.790456771850586,0.7205251455307007,0.22487971186637878,horizontal_stripe,horizontal_stripe_k=1,watch_wrist.png,res_cfg_0.5
22.799409866333008,0.8261806964874268,0.19977514445781708,horizontal_stripe,horizontal_stripe_k=1,row_rubber_ducks.png,res_cfg_0.5
18.237003326416016,0.36359962821006775,0.4364076256752014,horizontal_stripe,horizontal_stripe_k=1,pizza_box_pizza.png,res_cfg_0.5
16.547195434570312,0.21474413573741913,0.4323025047779083,horizontal_stripe,horizontal_stripe_k=1,rocky_beach_large.png,res_cfg_0.5
24.503419876098633,0.5049366354942322,0.3158355951309204,horizontal_stripe,horizontal_stripe_k=1,lemon_blue_surface.png,res_cfg_0.5
14.068020820617676,0.2224368304014206,0.45272380113601685,horizontal_stripe,horizontal_stripe_k=2,woman_tending_garden.png,res_cfg_0.5
18.173290252685547,0.653007984161377,0.3051019608974457,horizontal_stripe,horizontal_stripe_k=2,view_mountains_lake.png,res_cfg_0.5
18.36168670654297,0.49859732389450073,0.30032551288604736,horizontal_stripe,horizontal_stripe_k=2,field_red_flowers.png,res_cfg_0.5
23.22120475769043,0.6539111733436584,0.21843503415584564,horizontal_stripe,horizontal_stripe_k=2,bowl_fruit_wooden.png,res_cfg_0.5
20.57748794555664,0.5844332575798035,0.3064717650413513,horizontal_stripe,horizontal_stripe_k=2,blue_pink_toy.png,res_cfg_0.5
21.61648941040039,0.7152918577194214,0.22138312458992004,horizontal_stripe,horizontal_stripe_k=2,watch_wrist.png,res_cfg_0.5
20.703929901123047,0.8294379115104675,0.17421966791152954,horizontal_stripe,horizontal_stripe_k=2,row_rubber_ducks.png,res_cfg_0.5
18.12551498413086,0.3722715377807617,0.42012327909469604,horizontal_stripe,horizontal_stripe_k=2,pizza_box_pizza.png,res_cfg_0.5
16.706071853637695,0.23540961742401123,0.40485072135925293,horizontal_stripe,horizontal_stripe_k=2,rocky_beach_large.png,res_cfg_0.5
24.266002655029297,0.5060602426528931,0.27188020944595337,horizontal_stripe,horizontal_stripe_k=2,lemon_blue_surface.png,res_cfg_0.5
13.588634490966797,0.24618038535118103,0.45226916670799255,horizontal_stripe,horizontal_stripe_k=8,woman_tending_garden.png,res_cfg_0.5
15.136913299560547,0.617861270904541,0.37613949179649353,horizontal_stripe,horizontal_stripe_k=8,view_mountains_lake.png,res_cfg_0.5
13.388321876525879,0.37629300355911255,0.48093727231025696,horizontal_stripe,horizontal_stripe_k=8,field_red_flowers.png,res_cfg_0.5
18.869592666625977,0.6107015609741211,0.2876957654953003,horizontal_stripe,horizontal_stripe_k=8,bowl_fruit_wooden.png,res_cfg_0.5
18.71159553527832,0.5895867347717285,0.31130313873291016,horizontal_stripe,horizontal_stripe_k=8,blue_pink_toy.png,res_cfg_0.5
17.063549041748047,0.6927837133407593,0.22540463507175446,horizontal_stripe,horizontal_stripe_k=8,watch_wrist.png,res_cfg_0.5
17.841758728027344,0.7886101603507996,0.22593091428279877,horizontal_stripe,horizontal_stripe_k=8,row_rubber_ducks.png,res_cfg_0.5
17.27004623413086,0.3816119134426117,0.4102189540863037,horizontal_stripe,horizontal_stripe_k=8,pizza_box_pizza.png,res_cfg_0.5
15.988214492797852,0.26329493522644043,0.3838029205799103,horizontal_stripe,horizontal_stripe_k=8,rocky_beach_large.png,res_cfg_0.5
19.360042572021484,0.5047635436058044,0.31620171666145325,horizontal_stripe,horizontal_stripe_k=8,lemon_blue_surface.png,res_cfg_0.5
13.180453300476074,0.24329736828804016,0.4397966265678406,checkerboard,checkerboard_k=16,woman_tending_garden.png,res_cfg_0.5
16.544065475463867,0.6466801166534424,0.30714288353919983,checkerboard,checkerboard_k=16,view_mountains_lake.png,res_cfg_0.5
15.459327697753906,0.5235711932182312,0.29031357169151306,checkerboard,checkerboard_k=16,field_red_flowers.png,res_cfg_0.5
21.34465789794922,0.6757742762565613,0.20847994089126587,checkerboard,checkerboard_k=16,bowl_fruit_wooden.png,res_cfg_0.5
19.281564712524414,0.5975083112716675,0.293607622385025,checkerboard,checkerboard_k=16,blue_pink_toy.png,res_cfg_0.5
16.501808166503906,0.6658055186271667,0.25932684540748596,checkerboard,checkerboard_k=16,watch_wrist.png,res_cfg_0.5
16.94110870361328,0.8144302368164062,0.22379478812217712,checkerboard,checkerboard_k=16,row_rubber_ducks.png,res_cfg_0.5
17.05904769897461,0.3835490643978119,0.4030323028564453,checkerboard,checkerboard_k=16,pizza_box_pizza.png,res_cfg_0.5
16.29412841796875,0.266105055809021,0.383637011051178,checkerboard,checkerboard_k=16,rocky_beach_large.png,res_cfg_0.5
21.251354217529297,0.5145055055618286,0.2742156386375427,checkerboard,checkerboard_k=16,lemon_blue_surface.png,res_cfg_0.5
13.452960014343262,0.23640894889831543,0.44458532333374023,checkerboard,checkerboard_k=8,woman_tending_garden.png,res_cfg_0.5
18.381298065185547,0.6713635921478271,0.28530097007751465,checkerboard,checkerboard_k=8,view_mountains_lake.png,res_cfg_0.5
15.71150016784668,0.49023720622062683,0.3176005482673645,checkerboard,checkerboard_k=8,field_red_flowers.png,res_cfg_0.5
22.585941314697266,0.6743508577346802,0.20138558745384216,checkerboard,checkerboard_k=8,bowl_fruit_wooden.png,res_cfg_0.5
19.825109481811523,0.5849073529243469,0.3065307140350342,checkerboard,checkerboard_k=8,blue_pink_toy.png,res_cfg_0.5
20.709257125854492,0.7197132110595703,0.20295023918151855,checkerboard,checkerboard_k=8,watch_wrist.png,res_cfg_0.5
19.505855560302734,0.8315293788909912,0.17564131319522858,checkerboard,checkerboard_k=8,row_rubber_ducks.png,res_cfg_0.5
18.02147102355957,0.3927939832210541,0.4045659303665161,checkerboard,checkerboard_k=8,pizza_box_pizza.png,res_cfg_0.5
16.436128616333008,0.2581852078437805,0.37545573711395264,checkerboard,checkerboard_k=8,rocky_beach_large.png,res_cfg_0.5
22.8098201751709,0.5243064761161804,0.2658534049987793,checkerboard,checkerboard_k=8,lemon_blue_surface.png,res_cfg_0.5
14.091358184814453,0.2276519238948822,0.4449145197868347,checkerboard,checkerboard_k=4,woman_tending_garden.png,res_cfg_0.5
18.91266632080078,0.6779388189315796,0.2738967537879944,checkerboard,checkerboard_k=4,view_mountains_lake.png,res_cfg_0.5
18.800325393676758,0.5078206658363342,0.2952803075313568,checkerboard,checkerboard_k=4,field_red_flowers.png,res_cfg_0.5
24.36115264892578,0.683369517326355,0.21334227919578552,checkerboard,checkerboard_k=4,bowl_fruit_wooden.png,res_cfg_0.5
20.95716094970703,0.5933325290679932,0.28904661536216736,checkerboard,checkerboard_k=4,blue_pink_toy.png,res_cfg_0.5
21.70490264892578,0.7190465331077576,0.20324988663196564,checkerboard,checkerboard_k=4,watch_wrist.png,res_cfg_0.5
22.151641845703125,0.8434191942214966,0.1626766324043274,checkerboard,checkerboard_k=4,row_rubber_ducks.png,res_cfg_0.5
18.2900390625,0.3741472363471985,0.42477574944496155,checkerboard,checkerboard_k=4,pizza_box_pizza.png,res_cfg_0.5
17.16472816467285,0.24295464158058167,0.3976103365421295,checkerboard,checkerboard_k=4,rocky_beach_large.png,res_cfg_0.5
24.11640167236328,0.5091160535812378,0.2770388424396515,checkerboard,checkerboard_k=4,lemon_blue_surface.png,res_cfg_0.5
14.134048461914062,0.18978452682495117,0.4978805184364319,checkerboard,checkerboard_k=1,woman_tending_garden.png,res_cfg_0.5
19.16975975036621,0.6613249778747559,0.3273525834083557,checkerboard,checkerboard_k=1,view_mountains_lake.png,res_cfg_0.5
19.08784294128418,0.48879289627075195,0.3266265392303467,checkerboard,checkerboard_k=1,field_red_flowers.png,res_cfg_0.5
24.196134567260742,0.6259093880653381,0.32465168833732605,checkerboard,checkerboard_k=1,bowl_fruit_wooden.png,res_cfg_0.5
21.169252395629883,0.5844234228134155,0.33041927218437195,checkerboard,checkerboard_k=1,blue_pink_toy.png,res_cfg_0.5
22.54203987121582,0.7185930609703064,0.2475510835647583,checkerboard,checkerboard_k=1,watch_wrist.png,res_cfg_0.5
24.073280334472656,0.8479770421981812,0.16927334666252136,checkerboard,checkerboard_k=1,row_rubber_ducks.png,res_cfg_0.5
18.375383377075195,0.35176295042037964,0.4511723816394806,checkerboard,checkerboard_k=1,pizza_box_pizza.png,res_cfg_0.5
17.090110778808594,0.22368097305297852,0.44778382778167725,checkerboard,checkerboard_k=1,rocky_beach_large.png,res_cfg_0.5
23.726184844970703,0.4837334156036377,0.3720991909503937,checkerboard,checkerboard_k=1,lemon_blue_surface.png,res_cfg_0.5
14.137465476989746,0.20743855834007263,0.4814194142818451,checkerboard,checkerboard_k=2,woman_tending_garden.png,res_cfg_0.5
19.09199333190918,0.6648586988449097,0.3024854362010956,checkerboard,checkerboard_k=2,view_mountains_lake.png,res_cfg_0.5
19.005617141723633,0.4977044463157654,0.3100234866142273,checkerboard,checkerboard_k=2,field_red_flowers.png,res_cfg_0.5
24.485578536987305,0.6503946185112,0.2622375190258026,checkerboard,checkerboard_k=2,bowl_fruit_wooden.png,res_cfg_0.5
21.28982162475586,0.5878204107284546,0.3184546232223511,checkerboard,checkerboard_k=2,blue_pink_toy.png,res_cfg_0.5
22.27112579345703,0.7195624113082886,0.2323620766401291,checkerboard,checkerboard_k=2,watch_wrist.png,res_cfg_0.5
22.77286720275879,0.8456317782402039,0.16236719489097595,checkerboard,checkerboard_k=2,row_rubber_ducks.png,res_cfg_0.5
18.425363540649414,0.36518675088882446,0.4377354383468628,checkerboard,checkerboard_k=2,pizza_box_pizza.png,res_cfg_0.5
16.974401473999023,0.22896254062652588,0.4302649199962616,checkerboard,checkerboard_k=2,rocky_beach_large.png,res_cfg_0.5
24.62800407409668,0.5132831335067749,0.32521045207977295,checkerboard,checkerboard_k=2,lemon_blue_surface.png,res_cfg_0.5
13.632732391357422,0.2510983347892761,0.4387738108634949,vertical_stripe,vertical_stripe_k=8,woman_tending_garden.png,res_cfg_2
13.555872917175293,0.5823220610618591,0.36145755648612976,vertical_stripe,vertical_stripe_k=8,view_mountains_lake.png,res_cfg_2
15.868508338928223,0.5059296488761902,0.3051573634147644,vertical_stripe,vertical_stripe_k=8,field_red_flowers.png,res_cfg_2
22.334186553955078,0.6788161993026733,0.19174155592918396,vertical_stripe,vertical_stripe_k=8,bowl_fruit_wooden.png,res_cfg_2
19.71353530883789,0.596409797668457,0.2962262034416199,vertical_stripe,vertical_stripe_k=8,blue_pink_toy.png,res_cfg_2
18.890872955322266,0.7055619955062866,0.20571574568748474,vertical_stripe,vertical_stripe_k=8,watch_wrist.png,res_cfg_2
17.883817672729492,0.8109548091888428,0.22963610291481018,vertical_stripe,vertical_stripe_k=8,row_rubber_ducks.png,res_cfg_2
17.00432586669922,0.3719024658203125,0.4066683351993561,vertical_stripe,vertical_stripe_k=8,pizza_box_pizza.png,res_cfg_2
16.266239166259766,0.26407676935195923,0.3788013756275177,vertical_stripe,vertical_stripe_k=8,rocky_beach_large.png,res_cfg_2
21.963747024536133,0.5154668092727661,0.26512452960014343,vertical_stripe,vertical_stripe_k=8,lemon_blue_surface.png,res_cfg_2
14.090306282043457,0.22416424751281738,0.46153056621551514,vertical_stripe,vertical_stripe_k=2,woman_tending_garden.png,res_cfg_2
18.556859970092773,0.6686022281646729,0.28595811128616333,vertical_stripe,vertical_stripe_k=2,view_mountains_lake.png,res_cfg_2
18.400768280029297,0.5006117224693298,0.30300819873809814,vertical_stripe,vertical_stripe_k=2,field_red_flowers.png,res_cfg_2
24.618938446044922,0.6717626452445984,0.23525530099868774,vertical_stripe,vertical_stripe_k=2,bowl_fruit_wooden.png,res_cfg_2
20.30415153503418,0.5772584676742554,0.3190360367298126,vertical_stripe,vertical_stripe_k=2,blue_pink_toy.png,res_cfg_2
22.107860565185547,0.7302114367485046,0.20925869047641754,vertical_stripe,vertical_stripe_k=2,watch_wrist.png,res_cfg_2
21.837947845458984,0.8433351516723633,0.16425392031669617,vertical_stripe,vertical_stripe_k=2,row_rubber_ducks.png,res_cfg_2
17.519784927368164,0.3570411801338196,0.4368721544742584,vertical_stripe,vertical_stripe_k=2,pizza_box_pizza.png,res_cfg_2
16.973962783813477,0.23982535302639008,0.4080083966255188,vertical_stripe,vertical_stripe_k=2,rocky_beach_large.png,res_cfg_2
24.738134384155273,0.514823317527771,0.2738609313964844,vertical_stripe,vertical_stripe_k=2,lemon_blue_surface.png,res_cfg_2
13.8380765914917,0.23679274320602417,0.4543333053588867,vertical_stripe,vertical_stripe_k=4,woman_tending_garden.png,res_cfg_2
17.940107345581055,0.6713223457336426,0.2868502140045166,vertical_stripe,vertical_stripe_k=4,view_mountains_lake.png,res_cfg_2
17.115219116210938,0.5137035846710205,0.29252421855926514,vertical_stripe,vertical_stripe_k=4,field_red_flowers.png,res_cfg_2
23.98647689819336,0.6823601722717285,0.2126963883638382,vertical_stripe,vertical_stripe_k=4,bowl_fruit_wooden.png,res_cfg_2
19.82877540588379,0.5791730284690857,0.3006153106689453,vertical_stripe,vertical_stripe_k=4,blue_pink_toy.png,res_cfg_2
21.775033950805664,0.72789067029953,0.19515393674373627,vertical_stripe,vertical_stripe_k=4,watch_wrist.png,res_cfg_2
20.660369873046875,0.8380420207977295,0.16823117434978485,vertical_stripe,vertical_stripe_k=4,row_rubber_ducks.png,res_cfg_2
17.355653762817383,0.3690102994441986,0.4216664135456085,vertical_stripe,vertical_stripe_k=4,pizza_box_pizza.png,res_cfg_2
16.874269485473633,0.25958383083343506,0.38029056787490845,vertical_stripe,vertical_stripe_k=4,rocky_beach_large.png,res_cfg_2
23.004671096801758,0.5007138252258301,0.2652430534362793,vertical_stripe,vertical_stripe_k=4,lemon_blue_surface.png,res_cfg_2
14.179664611816406,0.20200124382972717,0.4934868812561035,vertical_stripe,vertical_stripe_k=1,woman_tending_garden.png,res_cfg_2
19.02669906616211,0.6641920804977417,0.3087264895439148,vertical_stripe,vertical_stripe_k=1,view_mountains_lake.png,res_cfg_2
19.005502700805664,0.49131643772125244,0.31242823600769043,vertical_stripe,vertical_stripe_k=1,field_red_flowers.png,res_cfg_2
23.907211303710938,0.6325759291648865,0.3164854347705841,vertical_stripe,vertical_stripe_k=1,bowl_fruit_wooden.png,res_cfg_2
21.08792495727539,0.5789670944213867,0.33699488639831543,vertical_stripe,vertical_stripe_k=1,blue_pink_toy.png,res_cfg_2
23.213563919067383,0.7315494418144226,0.2392270267009735,vertical_stripe,vertical_stripe_k=1,watch_wrist.png,res_cfg_2
23.784284591674805,0.8506464958190918,0.15250685811042786,vertical_stripe,vertical_stripe_k=1,row_rubber_ducks.png,res_cfg_2
16.708227157592773,0.308151513338089,0.5021568536758423,vertical_stripe,vertical_stripe_k=1,pizza_box_pizza.png,res_cfg_2
16.80003547668457,0.2194816768169403,0.451993852853775,vertical_stripe,vertical_stripe_k=1,rocky_beach_large.png,res_cfg_2
24.411474227905273,0.5015457272529602,0.3521578907966614,vertical_stripe,vertical_stripe_k=1,lemon_blue_surface.png,res_cfg_2
14.178690910339355,0.2152818888425827,0.46282029151916504,stochastic,stochastic_p=0.5_i=2,woman_tending_garden.png,res_cfg_2
19.073448181152344,0.6679221391677856,0.2944597005844116,stochastic,stochastic_p=0.5_i=2,view_mountains_lake.png,res_cfg_2
18.625308990478516,0.49477729201316833,0.3062855005264282,stochastic,stochastic_p=0.5_i=2,field_red_flowers.png,res_cfg_2
24.142107009887695,0.6544812917709351,0.24438457190990448,stochastic,stochastic_p=0.5_i=2,bowl_fruit_wooden.png,res_cfg_2
21.496740341186523,0.5959621667861938,0.30262491106987,stochastic,stochastic_p=0.5_i=2,blue_pink_toy.png,res_cfg_2
22.126628875732422,0.721639096736908,0.22343498468399048,stochastic,stochastic_p=0.5_i=2,watch_wrist.png,res_cfg_2
23.537738800048828,0.8479287624359131,0.1537914127111435,stochastic,stochastic_p=0.5_i=2,row_rubber_ducks.png,res_cfg_2
18.330507278442383,0.3712462782859802,0.4252530336380005,stochastic,stochastic_p=0.5_i=2,pizza_box_pizza.png,res_cfg_2
17.134687423706055,0.2420765459537506,0.41919875144958496,stochastic,stochastic_p=0.5_i=2,rocky_beach_large.png,res_cfg_2
24.32376480102539,0.5024368762969971,0.3199097514152527,stochastic,stochastic_p=0.5_i=2,lemon_blue_surface.png,res_cfg_2
14.487688064575195,0.2112400233745575,0.46826183795928955,stochastic,stochastic_p=0.5_i=1,woman_tending_garden.png,res_cfg_2
18.798133850097656,0.6650945544242859,0.2972305417060852,stochastic,stochastic_p=0.5_i=1,view_mountains_lake.png,res_cfg_2
18.97716522216797,0.5002214312553406,0.30234119296073914,stochastic,stochastic_p=0.5_i=1,field_red_flowers.png,res_cfg_2
23.664623260498047,0.6507754325866699,0.26522117853164673,stochastic,stochastic_p=0.5_i=1,bowl_fruit_wooden.png,res_cfg_2
21.117341995239258,0.5827447175979614,0.3188280165195465,stochastic,stochastic_p=0.5_i=1,blue_pink_toy.png,res_cfg_2
21.62867546081543,0.7073461413383484,0.23242047429084778,stochastic,stochastic_p=0.5_i=1,watch_wrist.png,res_cfg_2
23.071090698242188,0.8439420461654663,0.15789878368377686,stochastic,stochastic_p=0.5_i=1,row_rubber_ducks.png,res_cfg_2
18.51156234741211,0.36725330352783203,0.4251851737499237,stochastic,stochastic_p=0.5_i=1,pizza_box_pizza.png,res_cfg_2
17.018312454223633,0.2346593141555786,0.41716745495796204,stochastic,stochastic_p=0.5_i=1,rocky_beach_large.png,res_cfg_2
24.47551155090332,0.5098531246185303,0.2955731749534607,stochastic,stochastic_p=0.5_i=1,lemon_blue_surface.png,res_cfg_2
14.170754432678223,0.2132311761379242,0.4684983491897583,stochastic,stochastic_p=0.5_i=0,woman_tending_garden.png,res_cfg_2
19.175493240356445,0.6687671542167664,0.28320303559303284,stochastic,stochastic_p=0.5_i=0,view_mountains_lake.png,res_cfg_2
19.22570037841797,0.5084850192070007,0.3000483512878418,stochastic,stochastic_p=0.5_i=0,field_red_flowers.png,res_cfg_2
24.640155792236328,0.6661372184753418,0.23218074440956116,stochastic,stochastic_p=0.5_i=0,bowl_fruit_wooden.png,res_cfg_2
21.814592361450195,0.5911390781402588,0.3073713779449463,stochastic,stochastic_p=0.5_i=0,blue_pink_toy.png,res_cfg_2
22.350055694580078,0.7212414741516113,0.20576970279216766,stochastic,stochastic_p=0.5_i=0,watch_wrist.png,res_cfg_2
22.96360206604004,0.8467907905578613,0.171497642993927,stochastic,stochastic_p=0.5_i=0,row_rubber_ducks.png,res_cfg_2
18.47334861755371,0.37280797958374023,0.43601518869400024,stochastic,stochastic_p=0.5_i=0,pizza_box_pizza.png,res_cfg_2
17.042055130004883,0.23209545016288757,0.4158637523651123,stochastic,stochastic_p=0.5_i=0,rocky_beach_large.png,res_cfg_2
24.684423446655273,0.5121467709541321,0.3049805760383606,stochastic,stochastic_p=0.5_i=0,lemon_blue_surface.png,res_cfg_2
13.96722412109375,0.24044805765151978,0.43335190415382385,horizontal_stripe,horizontal_stripe_k=4,woman_tending_garden.png,res_cfg_2
17.313587188720703,0.6559053063392639,0.30249637365341187,horizontal_stripe,horizontal_stripe_k=4,view_mountains_lake.png,res_cfg_2
13.209484100341797,0.42908304929733276,0.4071660041809082,horizontal_stripe,horizontal_stripe_k=4,field_red_flowers.png,res_cfg_2
22.753835678100586,0.6616204977035522,0.2148008644580841,horizontal_stripe,horizontal_stripe_k=4,bowl_fruit_wooden.png,res_cfg_2
20.094654083251953,0.586248517036438,0.2950338125228882,horizontal_stripe,horizontal_stripe_k=4,blue_pink_toy.png,res_cfg_2
20.56024169921875,0.7132428884506226,0.20557722449302673,horizontal_stripe,horizontal_stripe_k=4,watch_wrist.png,res_cfg_2
19.488479614257812,0.8182803392410278,0.23036448657512665,horizontal_stripe,horizontal_stripe_k=4,row_rubber_ducks.png,res_cfg_2
17.835182189941406,0.39308053255081177,0.39350220561027527,horizontal_stripe,horizontal_stripe_k=4,pizza_box_pizza.png,res_cfg_2
16.76564598083496,0.2569563388824463,0.3932681083679199,horizontal_stripe,horizontal_stripe_k=4,rocky_beach_large.png,res_cfg_2
23.914642333984375,0.5300555229187012,0.24994774162769318,horizontal_stripe,horizontal_stripe_k=4,lemon_blue_surface.png,res_cfg_2
14.180253982543945,0.20913109183311462,0.47391408681869507,horizontal_stripe,horizontal_stripe_k=1,woman_tending_garden.png,res_cfg_2
18.906084060668945,0.6545833945274353,0.318926602602005,horizontal_stripe,horizontal_stripe_k=1,view_mountains_lake.png,res_cfg_2
18.29109001159668,0.45514124631881714,0.3527408242225647,horizontal_stripe,horizontal_stripe_k=1,field_red_flowers.png,res_cfg_2
23.6837100982666,0.644465446472168,0.23580075800418854,horizontal_stripe,horizontal_stripe_k=1,bowl_fruit_wooden.png,res_cfg_2
20.877092361450195,0.575912356376648,0.33616191148757935,horizontal_stripe,horizontal_stripe_k=1,blue_pink_toy.png,res_cfg_2
22.895227432250977,0.723110556602478,0.2208847999572754,horizontal_stripe,horizontal_stripe_k=1,watch_wrist.png,res_cfg_2
22.506038665771484,0.8278107643127441,0.1945556402206421,horizontal_stripe,horizontal_stripe_k=1,row_rubber_ducks.png,res_cfg_2
18.283632278442383,0.3701913058757782,0.4237990379333496,horizontal_stripe,horizontal_stripe_k=1,pizza_box_pizza.png,res_cfg_2
16.52389907836914,0.21577420830726624,0.4313863515853882,horizontal_stripe,horizontal_stripe_k=1,rocky_beach_large.png,res_cfg_2
24.598594665527344,0.5075414180755615,0.3128838539123535,horizontal_stripe,horizontal_stripe_k=1,lemon_blue_surface.png,res_cfg_2
14.051506042480469,0.22316011786460876,0.45391368865966797,horizontal_stripe,horizontal_stripe_k=2,woman_tending_garden.png,res_cfg_2
18.09565544128418,0.6518038511276245,0.3050112724304199,horizontal_stripe,horizontal_stripe_k=2,view_mountains_lake.png,res_cfg_2
16.9056453704834,0.4712272882461548,0.34947192668914795,horizontal_stripe,horizontal_stripe_k=2,field_red_flowers.png,res_cfg_2
23.185209274291992,0.6552640795707703,0.21789410710334778,horizontal_stripe,horizontal_stripe_k=2,bowl_fruit_wooden.png,res_cfg_2
20.762052536010742,0.5907940864562988,0.2984755337238312,horizontal_stripe,horizontal_stripe_k=2,blue_pink_toy.png,res_cfg_2
21.81772232055664,0.7194335460662842,0.21574707329273224,horizontal_stripe,horizontal_stripe_k=2,watch_wrist.png,res_cfg_2
21.095840454101562,0.8351418972015381,0.17127016186714172,horizontal_stripe,horizontal_stripe_k=2,row_rubber_ducks.png,res_cfg_2
18.168865203857422,0.3773593306541443,0.4100293517112732,horizontal_stripe,horizontal_stripe_k=2,pizza_box_pizza.png,res_cfg_2
16.68000030517578,0.23514389991760254,0.40471547842025757,horizontal_stripe,horizontal_stripe_k=2,rocky_beach_large.png,res_cfg_2
24.397342681884766,0.509792149066925,0.26935911178588867,horizontal_stripe,horizontal_stripe_k=2,lemon_blue_surface.png,res_cfg_2
13.553868293762207,0.2450912445783615,0.4658733010292053,horizontal_stripe,horizontal_stripe_k=8,woman_tending_garden.png,res_cfg_2
14.50736141204834,0.5962966680526733,0.40221071243286133,horizontal_stripe,horizontal_stripe_k=8,view_mountains_lake.png,res_cfg_2
12.843685150146484,0.39894604682922363,0.49676311016082764,horizontal_stripe,horizontal_stripe_k=8,field_red_flowers.png,res_cfg_2
18.349897384643555,0.6267663240432739,0.303203821182251,horizontal_stripe,horizontal_stripe_k=8,bowl_fruit_wooden.png,res_cfg_2
18.7080135345459,0.599856972694397,0.30036747455596924,horizontal_stripe,horizontal_stripe_k=8,blue_pink_toy.png,res_cfg_2
17.23277473449707,0.6977081298828125,0.21262133121490479,horizontal_stripe,horizontal_stripe_k=8,watch_wrist.png,res_cfg_2
17.44575309753418,0.7871254682540894,0.2686774432659149,horizontal_stripe,horizontal_stripe_k=8,row_rubber_ducks.png,res_cfg_2
15.697104454040527,0.38677215576171875,0.423346608877182,horizontal_stripe,horizontal_stripe_k=8,pizza_box_pizza.png,res_cfg_2
15.939299583435059,0.26940619945526123,0.3809721767902374,horizontal_stripe,horizontal_stripe_k=8,rocky_beach_large.png,res_cfg_2
22.10196304321289,0.5022463202476501,0.25205323100090027,horizontal_stripe,horizontal_stripe_k=8,lemon_blue_surface.png,res_cfg_2
13.07817554473877,0.24052008986473083,0.44301658868789673,checkerboard,checkerboard_k=16,woman_tending_garden.png,res_cfg_2
16.777690887451172,0.6543708443641663,0.2986712157726288,checkerboard,checkerboard_k=16,view_mountains_lake.png,res_cfg_2
15.117241859436035,0.5221589207649231,0.30331504344940186,checkerboard,checkerboard_k=16,field_red_flowers.png,res_cfg_2
20.84676742553711,0.6840604543685913,0.20520862936973572,checkerboard,checkerboard_k=16,bowl_fruit_wooden.png,res_cfg_2
18.630495071411133,0.5964381098747253,0.2927876114845276,checkerboard,checkerboard_k=16,blue_pink_toy.png,res_cfg_2
17.05034637451172,0.6758025884628296,0.2454037368297577,checkerboard,checkerboard_k=16,watch_wrist.png,res_cfg_2
17.275806427001953,0.8129018545150757,0.21166494488716125,checkerboard,checkerboard_k=16,row_rubber_ducks.png,res_cfg_2
16.95142936706543,0.39378389716148376,0.3929706811904907,checkerboard,checkerboard_k=16,pizza_box_pizza.png,res_cfg_2
16.246376037597656,0.26587215065956116,0.3856743574142456,checkerboard,checkerboard_k=16,rocky_beach_large.png,res_cfg_2
19.42839241027832,0.5143691897392273,0.2803737223148346,checkerboard,checkerboard_k=16,lemon_blue_surface.png,res_cfg_2
13.440126419067383,0.23644700646400452,0.4459819197654724,checkerboard,checkerboard_k=8,woman_tending_garden.png,res_cfg_2
18.349285125732422,0.6710131168365479,0.28655076026916504,checkerboard,checkerboard_k=8,view_mountains_lake.png,res_cfg_2
17.048694610595703,0.5036596059799194,0.30693894624710083,checkerboard,checkerboard_k=8,field_red_flowers.png,res_cfg_2
22.740175247192383,0.6757134199142456,0.1977752149105072,checkerboard,checkerboard_k=8,bowl_fruit_wooden.png,res_cfg_2
19.306529998779297,0.5835737586021423,0.30757835507392883,checkerboard,checkerboard_k=8,blue_pink_toy.png,res_cfg_2
20.816720962524414,0.7232807874679565,0.19877709448337555,checkerboard,checkerboard_k=8,watch_wrist.png,res_cfg_2
20.03946876525879,0.8341521620750427,0.16473673284053802,checkerboard,checkerboard_k=8,row_rubber_ducks.png,res_cfg_2
18.257164001464844,0.4037904143333435,0.3848837912082672,checkerboard,checkerboard_k=8,pizza_box_pizza.png,res_cfg_2
16.453678131103516,0.2589274048805237,0.3746659457683563,checkerboard,checkerboard_k=8,rocky_beach_large.png,res_cfg_2
23.906736373901367,0.5278978943824768,0.2508307099342346,checkerboard,checkerboard_k=8,lemon_blue_surface.png,res_cfg_2
14.112401008605957,0.22729679942131042,0.44425609707832336,checkerboard,checkerboard_k=4,woman_tending_garden.png,res_cfg_2
18.908430099487305,0.6775187253952026,0.27571654319763184,checkerboard,checkerboard_k=4,view_mountains_lake.png,res_cfg_2
18.714773178100586,0.5081266760826111,0.2953577935695648,checkerboard,checkerboard_k=4,field_red_flowers.png,res_cfg_2
24.451618194580078,0.6851131916046143,0.21217870712280273,checkerboard,checkerboard_k=4,bowl_fruit_wooden.png,res_cfg_2
20.96689224243164,0.5941783785820007,0.2884843647480011,checkerboard,checkerboard_k=4,blue_pink_toy.png,res_cfg_2
21.92909049987793,0.723046064376831,0.20080649852752686,checkerboard,checkerboard_k=4,watch_wrist.png,res_cfg_2
22.52921485900879,0.8491811156272888,0.15272554755210876,checkerboard,checkerboard_k=4,row_rubber_ducks.png,res_cfg_2
18.298023223876953,0.3778327405452728,0.4160785377025604,checkerboard,checkerboard_k=4,pizza_box_pizza.png,res_cfg_2
17.106525421142578,0.24303773045539856,0.39607566595077515,checkerboard,checkerboard_k=4,rocky_beach_large.png,res_cfg_2
24.29537582397461,0.5136225819587708,0.27093756198883057,checkerboard,checkerboard_k=4,lemon_blue_surface.png,res_cfg_2
14.195588111877441,0.19268664717674255,0.49090492725372314,checkerboard,checkerboard_k=1,woman_tending_garden.png,res_cfg_2
19.162076950073242,0.6622266173362732,0.32404449582099915,checkerboard,checkerboard_k=1,view_mountains_lake.png,res_cfg_2
19.121633529663086,0.4898468852043152,0.3240923285484314,checkerboard,checkerboard_k=1,field_red_flowers.png,res_cfg_2
24.32029151916504,0.6324109435081482,0.3098467290401459,checkerboard,checkerboard_k=1,bowl_fruit_wooden.png,res_cfg_2
21.420602798461914,0.5895037055015564,0.3227037787437439,checkerboard,checkerboard_k=1,blue_pink_toy.png,res_cfg_2
22.556503295898438,0.7208390235900879,0.24308478832244873,checkerboard,checkerboard_k=1,watch_wrist.png,res_cfg_2
24.21242332458496,0.8520631790161133,0.1614794284105301,checkerboard,checkerboard_k=1,row_rubber_ducks.png,res_cfg_2
18.5052547454834,0.36159321665763855,0.43937090039253235,checkerboard,checkerboard_k=1,pizza_box_pizza.png,res_cfg_2
17.05940055847168,0.22372178733348846,0.44644466042518616,checkerboard,checkerboard_k=1,rocky_beach_large.png,res_cfg_2
23.825145721435547,0.48843201994895935,0.3647948205471039,checkerboard,checkerboard_k=1,lemon_blue_surface.png,res_cfg_2
14.12457275390625,0.20861291885375977,0.4789503812789917,checkerboard,checkerboard_k=2,woman_tending_garden.png,res_cfg_2
19.106285095214844,0.6652934551239014,0.30270135402679443,checkerboard,checkerboard_k=2,view_mountains_lake.png,res_cfg_2
19.02970314025879,0.49869927763938904,0.3088359236717224,checkerboard,checkerboard_k=2,field_red_flowers.png,res_cfg_2
24.62744140625,0.6552602648735046,0.2555355727672577,checkerboard,checkerboard_k=2,bowl_fruit_wooden.png,res_cfg_2
21.476572036743164,0.5910055637359619,0.31423506140708923,checkerboard,checkerboard_k=2,blue_pink_toy.png,res_cfg_2
22.414569854736328,0.7236788272857666,0.2243729829788208,checkerboard,checkerboard_k=2,watch_wrist.png,res_cfg_2
23.073678970336914,0.850023627281189,0.15437012910842896,checkerboard,checkerboard_k=2,row_rubber_ducks.png,res_cfg_2
18.5107421875,0.3733843266963959,0.42701417207717896,checkerboard,checkerboard_k=2,pizza_box_pizza.png,res_cfg_2
16.95418930053711,0.2290734052658081,0.4301069676876068,checkerboard,checkerboard_k=2,rocky_beach_large.png,res_cfg_2
24.783937454223633,0.5158864855766296,0.32064905762672424,checkerboard,checkerboard_k=2,lemon_blue_surface.png,res_cfg_2
13.719021797180176,0.2530018091201782,0.4386870861053467,vertical_stripe,vertical_stripe_k=8,woman_tending_garden.png,res_cfg_0.5_5_5
15.157567977905273,0.6093600988388062,0.3867745101451874,vertical_stripe,vertical_stripe_k=8,view_mountains_lake.png,res_cfg_0.5_5_5
15.366580963134766,0.49822521209716797,0.32576748728752136,vertical_stripe,vertical_stripe_k=8,field_red_flowers.png,res_cfg_0.5_5_5
22.123668670654297,0.6796603202819824,0.19355995953083038,vertical_stripe,vertical_stripe_k=8,bowl_fruit_wooden.png,res_cfg_0.5_5_5
19.72498893737793,0.6008684635162354,0.3046474754810333,vertical_stripe,vertical_stripe_k=8,blue_pink_toy.png,res_cfg_0.5_5_5
18.293197631835938,0.7089767456054688,0.21156665682792664,vertical_stripe,vertical_stripe_k=8,watch_wrist.png,res_cfg_0.5_5_5
18.298458099365234,0.824658989906311,0.21415486931800842,vertical_stripe,vertical_stripe_k=8,row_rubber_ducks.png,res_cfg_0.5_5_5
16.951311111450195,0.37412041425704956,0.40907418727874756,vertical_stripe,vertical_stripe_k=8,pizza_box_pizza.png,res_cfg_0.5_5_5
16.369951248168945,0.2663768529891968,0.37671154737472534,vertical_stripe,vertical_stripe_k=8,rocky_beach_large.png,res_cfg_0.5_5_5
19.886821746826172,0.5024844408035278,0.311757355928421,vertical_stripe,vertical_stripe_k=8,lemon_blue_surface.png,res_cfg_0.5_5_5
14.200210571289062,0.22936700284481049,0.4452376365661621,vertical_stripe,vertical_stripe_k=2,woman_tending_garden.png,res_cfg_0.5_5_5
18.668283462524414,0.6723083257675171,0.2873411774635315,vertical_stripe,vertical_stripe_k=2,view_mountains_lake.png,res_cfg_0.5_5_5
18.32016372680664,0.5019439458847046,0.2979857921600342,vertical_stripe,vertical_stripe_k=2,field_red_flowers.png,res_cfg_0.5_5_5
24.191118240356445,0.6649413108825684,0.23545214533805847,vertical_stripe,vertical_stripe_k=2,bowl_fruit_wooden.png,res_cfg_0.5_5_5
20.14698028564453,0.5834274291992188,0.31349849700927734,vertical_stripe,vertical_stripe_k=2,blue_pink_toy.png,res_cfg_0.5_5_5
22.85039520263672,0.7319267988204956,0.19773262739181519,vertical_stripe,vertical_stripe_k=2,watch_wrist.png,res_cfg_0.5_5_5
22.658700942993164,0.8444087505340576,0.16198477149009705,vertical_stripe,vertical_stripe_k=2,row_rubber_ducks.png,res_cfg_0.5_5_5
17.46201515197754,0.3547772765159607,0.4429912269115448,vertical_stripe,vertical_stripe_k=2,pizza_box_pizza.png,res_cfg_0.5_5_5
16.66692543029785,0.23752781748771667,0.408650279045105,vertical_stripe,vertical_stripe_k=2,rocky_beach_large.png,res_cfg_0.5_5_5
24.679710388183594,0.5182071924209595,0.2744397521018982,vertical_stripe,vertical_stripe_k=2,lemon_blue_surface.png,res_cfg_0.5_5_5
13.816657066345215,0.238491028547287,0.4410961866378784,vertical_stripe,vertical_stripe_k=4,woman_tending_garden.png,res_cfg_0.5_5_5
17.761627197265625,0.6739808917045593,0.28455740213394165,vertical_stripe,vertical_stripe_k=4,view_mountains_lake.png,res_cfg_0.5_5_5
17.1469783782959,0.5140719413757324,0.28423580527305603,vertical_stripe,vertical_stripe_k=4,field_red_flowers.png,res_cfg_0.5_5_5
23.76900863647461,0.6774768233299255,0.2085263729095459,vertical_stripe,vertical_stripe_k=4,bowl_fruit_wooden.png,res_cfg_0.5_5_5
20.45698356628418,0.5932559370994568,0.28441792726516724,vertical_stripe,vertical_stripe_k=4,blue_pink_toy.png,res_cfg_0.5_5_5
21.72755241394043,0.7246097326278687,0.18842139840126038,vertical_stripe,vertical_stripe_k=4,watch_wrist.png,res_cfg_0.5_5_5
20.514156341552734,0.8331080675125122,0.17251162230968475,vertical_stripe,vertical_stripe_k=4,row_rubber_ducks.png,res_cfg_0.5_5_5
17.15061378479004,0.3677358329296112,0.4211121201515198,vertical_stripe,vertical_stripe_k=4,pizza_box_pizza.png,res_cfg_0.5_5_5
16.826505661010742,0.25733262300491333,0.3777860105037689,vertical_stripe,vertical_stripe_k=4,rocky_beach_large.png,res_cfg_0.5_5_5
23.23370933532715,0.5150512456893921,0.2564471960067749,vertical_stripe,vertical_stripe_k=4,lemon_blue_surface.png,res_cfg_0.5_5_5
14.268742561340332,0.20782265067100525,0.47914817929267883,vertical_stripe,vertical_stripe_k=1,woman_tending_garden.png,res_cfg_0.5_5_5
19.077306747436523,0.6662708520889282,0.3012647032737732,vertical_stripe,vertical_stripe_k=1,view_mountains_lake.png,res_cfg_0.5_5_5
19.334325790405273,0.4942026138305664,0.3141581416130066,vertical_stripe,vertical_stripe_k=1,field_red_flowers.png,res_cfg_0.5_5_5
23.968555450439453,0.6234680414199829,0.31419411301612854,vertical_stripe,vertical_stripe_k=1,bowl_fruit_wooden.png,res_cfg_0.5_5_5
20.926700592041016,0.5778025984764099,0.3443685472011566,vertical_stripe,vertical_stripe_k=1,blue_pink_toy.png,res_cfg_0.5_5_5
23.457286834716797,0.7350234985351562,0.22467975318431854,vertical_stripe,vertical_stripe_k=1,watch_wrist.png,res_cfg_0.5_5_5
23.788494110107422,0.8510622978210449,0.16705462336540222,vertical_stripe,vertical_stripe_k=1,row_rubber_ducks.png,res_cfg_0.5_5_5
16.544479370117188,0.3060036301612854,0.5125476717948914,vertical_stripe,vertical_stripe_k=1,pizza_box_pizza.png,res_cfg_0.5_5_5
16.855815887451172,0.21922415494918823,0.44287052750587463,vertical_stripe,vertical_stripe_k=1,rocky_beach_large.png,res_cfg_0.5_5_5
24.585494995117188,0.5102738738059998,0.3297235071659088,vertical_stripe,vertical_stripe_k=1,lemon_blue_surface.png,res_cfg_0.5_5_5
14.45615291595459,0.21907636523246765,0.458997905254364,stochastic,stochastic_p=0.5_i=2,woman_tending_garden.png,res_cfg_0.5_5_5
19.205442428588867,0.674135684967041,0.287039577960968,stochastic,stochastic_p=0.5_i=2,view_mountains_lake.png,res_cfg_0.5_5_5
18.9171085357666,0.4998346269130707,0.29747211933135986,stochastic,stochastic_p=0.5_i=2,field_red_flowers.png,res_cfg_0.5_5_5
24.22529411315918,0.6529861688613892,0.2451331615447998,stochastic,stochastic_p=0.5_i=2,bowl_fruit_wooden.png,res_cfg_0.5_5_5
21.220993041992188,0.5978140234947205,0.2995898127555847,stochastic,stochastic_p=0.5_i=2,blue_pink_toy.png,res_cfg_0.5_5_5
22.866121292114258,0.7293548583984375,0.2052547037601471,stochastic,stochastic_p=0.5_i=2,watch_wrist.png,res_cfg_0.5_5_5
23.58322525024414,0.8500299453735352,0.15273822844028473,stochastic,stochastic_p=0.5_i=2,row_rubber_ducks.png,res_cfg_0.5_5_5
18.444129943847656,0.36661815643310547,0.4307451844215393,stochastic,stochastic_p=0.5_i=2,pizza_box_pizza.png,res_cfg_0.5_5_5
17.101543426513672,0.2345597743988037,0.41768550872802734,stochastic,stochastic_p=0.5_i=2,rocky_beach_large.png,res_cfg_0.5_5_5
24.47696304321289,0.5073075294494629,0.3089127242565155,stochastic,stochastic_p=0.5_i=2,lemon_blue_surface.png,res_cfg_0.5_5_5
14.011502265930176,0.21112196147441864,0.4694511890411377,stochastic,stochastic_p=0.5_i=1,woman_tending_garden.png,res_cfg_0.5_5_5
18.91365623474121,0.669586181640625,0.29591673612594604,stochastic,stochastic_p=0.5_i=1,view_mountains_lake.png,res_cfg_0.5_5_5
19.24056053161621,0.5071997046470642,0.28964611887931824,stochastic,stochastic_p=0.5_i=1,field_red_flowers.png,res_cfg_0.5_5_5
23.912643432617188,0.650680422782898,0.2566671073436737,stochastic,stochastic_p=0.5_i=1,bowl_fruit_wooden.png,res_cfg_0.5_5_5
21.18753433227539,0.5909808874130249,0.30937010049819946,stochastic,stochastic_p=0.5_i=1,blue_pink_toy.png,res_cfg_0.5_5_5
22.074979782104492,0.7182440757751465,0.21999046206474304,stochastic,stochastic_p=0.5_i=1,watch_wrist.png,res_cfg_0.5_5_5
23.211139678955078,0.8484143614768982,0.15118518471717834,stochastic,stochastic_p=0.5_i=1,row_rubber_ducks.png,res_cfg_0.5_5_5
18.46346664428711,0.36488741636276245,0.4331286549568176,stochastic,stochastic_p=0.5_i=1,pizza_box_pizza.png,res_cfg_0.5_5_5
17.12632179260254,0.23838922381401062,0.41918331384658813,stochastic,stochastic_p=0.5_i=1,rocky_beach_large.png,res_cfg_0.5_5_5
24.221527099609375,0.5116953253746033,0.2995414435863495,stochastic,stochastic_p=0.5_i=1,lemon_blue_surface.png,res_cfg_0.5_5_5
14.22297191619873,0.21617016196250916,0.4569609463214874,stochastic,stochastic_p=0.5_i=0,woman_tending_garden.png,res_cfg_0.5_5_5
19.204172134399414,0.6724958419799805,0.284029483795166,stochastic,stochastic_p=0.5_i=0,view_mountains_lake.png,res_cfg_0.5_5_5
19.32534408569336,0.5060572624206543,0.2950776219367981,stochastic,stochastic_p=0.5_i=0,field_red_flowers.png,res_cfg_0.5_5_5
24.46541404724121,0.6638665199279785,0.22124038636684418,stochastic,stochastic_p=0.5_i=0,bowl_fruit_wooden.png,res_cfg_0.5_5_5
21.781734466552734,0.5962191820144653,0.3015969693660736,stochastic,stochastic_p=0.5_i=0,blue_pink_toy.png,res_cfg_0.5_5_5
22.75637435913086,0.7269754409790039,0.20345352590084076,stochastic,stochastic_p=0.5_i=0,watch_wrist.png,res_cfg_0.5_5_5
23.09800148010254,0.8482741713523865,0.1524110585451126,stochastic,stochastic_p=0.5_i=0,row_rubber_ducks.png,res_cfg_0.5_5_5
18.330556869506836,0.3647267818450928,0.4401533603668213,stochastic,stochastic_p=0.5_i=0,pizza_box_pizza.png,res_cfg_0.5_5_5
17.235891342163086,0.2369094341993332,0.40892112255096436,stochastic,stochastic_p=0.5_i=0,rocky_beach_large.png,res_cfg_0.5_5_5
24.525772094726562,0.5092543959617615,0.2983027994632721,stochastic,stochastic_p=0.5_i=0,lemon_blue_surface.png,res_cfg_0.5_5_5
13.94039535522461,0.2436680644750595,0.4409821629524231,horizontal_stripe,horizontal_stripe_k=4,woman_tending_garden.png,res_cfg_0.5_5_5
17.37358856201172,0.6550989151000977,0.30538591742515564,horizontal_stripe,horizontal_stripe_k=4,view_mountains_lake.png,res_cfg_0.5_5_5
11.917773246765137,0.40156516432762146,0.4136086702346802,horizontal_stripe,horizontal_stripe_k=4,field_red_flowers.png,res_cfg_0.5_5_5
23.06992530822754,0.674479603767395,0.20448876917362213,horizontal_stripe,horizontal_stripe_k=4,bowl_fruit_wooden.png,res_cfg_0.5_5_5
19.983415603637695,0.5979355573654175,0.29780977964401245,horizontal_stripe,horizontal_stripe_k=4,blue_pink_toy.png,res_cfg_0.5_5_5
20.504945755004883,0.7194964289665222,0.1931062638759613,horizontal_stripe,horizontal_stripe_k=4,watch_wrist.png,res_cfg_0.5_5_5
19.480886459350586,0.8299340605735779,0.20839789509773254,horizontal_stripe,horizontal_stripe_k=4,row_rubber_ducks.png,res_cfg_0.5_5_5
17.716012954711914,0.37905287742614746,0.41165557503700256,horizontal_stripe,horizontal_stripe_k=4,pizza_box_pizza.png,res_cfg_0.5_5_5
16.802595138549805,0.25627386569976807,0.3908631503582001,horizontal_stripe,horizontal_stripe_k=4,rocky_beach_large.png,res_cfg_0.5_5_5
24.18278694152832,0.5264825820922852,0.24976547062397003,horizontal_stripe,horizontal_stripe_k=4,lemon_blue_surface.png,res_cfg_0.5_5_5
14.065722465515137,0.2092108130455017,0.4787989556789398,horizontal_stripe,horizontal_stripe_k=1,woman_tending_garden.png,res_cfg_0.5_5_5
18.67852783203125,0.6551454663276672,0.3195117115974426,horizontal_stripe,horizontal_stripe_k=1,view_mountains_lake.png,res_cfg_0.5_5_5
17.756853103637695,0.4553217887878418,0.3287055194377899,horizontal_stripe,horizontal_stripe_k=1,field_red_flowers.png,res_cfg_0.5_5_5
23.505001068115234,0.6409680247306824,0.2368074506521225,horizontal_stripe,horizontal_stripe_k=1,bowl_fruit_wooden.png,res_cfg_0.5_5_5
20.91741371154785,0.5814152359962463,0.326425164937973,horizontal_stripe,horizontal_stripe_k=1,blue_pink_toy.png,res_cfg_0.5_5_5
23.15621566772461,0.7286781668663025,0.2037200629711151,horizontal_stripe,horizontal_stripe_k=1,watch_wrist.png,res_cfg_0.5_5_5
22.76233673095703,0.834298312664032,0.1654333472251892,horizontal_stripe,horizontal_stripe_k=1,row_rubber_ducks.png,res_cfg_0.5_5_5
18.309555053710938,0.36438772082328796,0.4355396032333374,horizontal_stripe,horizontal_stripe_k=1,pizza_box_pizza.png,res_cfg_0.5_5_5
17.09690284729004,0.23272931575775146,0.41428446769714355,horizontal_stripe,horizontal_stripe_k=1,rocky_beach_large.png,res_cfg_0.5_5_5
24.705055236816406,0.5081868171691895,0.2962803244590759,horizontal_stripe,horizontal_stripe_k=1,lemon_blue_surface.png,res_cfg_0.5_5_5
14.118903160095215,0.22838029265403748,0.4458780586719513,horizontal_stripe,horizontal_stripe_k=2,woman_tending_garden.png,res_cfg_0.5_5_5
18.385665893554688,0.662940263748169,0.2909626364707947,horizontal_stripe,horizontal_stripe_k=2,view_mountains_lake.png,res_cfg_0.5_5_5
18.563486099243164,0.4980754256248474,0.30270883440971375,horizontal_stripe,horizontal_stripe_k=2,field_red_flowers.png,res_cfg_0.5_5_5
23.517013549804688,0.6543237566947937,0.20830322802066803,horizontal_stripe,horizontal_stripe_k=2,bowl_fruit_wooden.png,res_cfg_0.5_5_5
20.291364669799805,0.5873734951019287,0.301937073469162,horizontal_stripe,horizontal_stripe_k=2,blue_pink_toy.png,res_cfg_0.5_5_5
21.893342971801758,0.7217223644256592,0.20114968717098236,horizontal_stripe,horizontal_stripe_k=2,watch_wrist.png,res_cfg_0.5_5_5
21.50690269470215,0.842657744884491,0.15263675153255463,horizontal_stripe,horizontal_stripe_k=2,row_rubber_ducks.png,res_cfg_0.5_5_5
18.050369262695312,0.3702946603298187,0.42117953300476074,horizontal_stripe,horizontal_stripe_k=2,pizza_box_pizza.png,res_cfg_0.5_5_5
16.73988151550293,0.2340373992919922,0.3934791386127472,horizontal_stripe,horizontal_stripe_k=2,rocky_beach_large.png,res_cfg_0.5_5_5
24.521007537841797,0.5175689458847046,0.2551952600479126,horizontal_stripe,horizontal_stripe_k=2,lemon_blue_surface.png,res_cfg_0.5_5_5
13.600284576416016,0.25443029403686523,0.4491997957229614,horizontal_stripe,horizontal_stripe_k=8,woman_tending_garden.png,res_cfg_0.5_5_5
15.384657859802246,0.6172945499420166,0.3502410650253296,horizontal_stripe,horizontal_stripe_k=8,view_mountains_lake.png,res_cfg_0.5_5_5
13.522595405578613,0.40476495027542114,0.44513750076293945,horizontal_stripe,horizontal_stripe_k=8,field_red_flowers.png,res_cfg_0.5_5_5
18.132686614990234,0.6285446882247925,0.26813632249832153,horizontal_stripe,horizontal_stripe_k=8,bowl_fruit_wooden.png,res_cfg_0.5_5_5
18.207441329956055,0.5979812741279602,0.30378803610801697,horizontal_stripe,horizontal_stripe_k=8,blue_pink_toy.png,res_cfg_0.5_5_5
16.627174377441406,0.7056549787521362,0.22771526873111725,horizontal_stripe,horizontal_stripe_k=8,watch_wrist.png,res_cfg_0.5_5_5
17.687700271606445,0.7928630709648132,0.24728506803512573,horizontal_stripe,horizontal_stripe_k=8,row_rubber_ducks.png,res_cfg_0.5_5_5
17.163860321044922,0.37763988971710205,0.40411555767059326,horizontal_stripe,horizontal_stripe_k=8,pizza_box_pizza.png,res_cfg_0.5_5_5
15.695477485656738,0.2712465524673462,0.3995133638381958,horizontal_stripe,horizontal_stripe_k=8,rocky_beach_large.png,res_cfg_0.5_5_5
19.989931106567383,0.4877704083919525,0.2879953384399414,horizontal_stripe,horizontal_stripe_k=8,lemon_blue_surface.png,res_cfg_0.5_5_5
13.263195037841797,0.24497288465499878,0.4403449296951294,checkerboard,checkerboard_k=16,woman_tending_garden.png,res_cfg_0.5_5_5
16.766735076904297,0.6481297612190247,0.3102966547012329,checkerboard,checkerboard_k=16,view_mountains_lake.png,res_cfg_0.5_5_5
15.987624168395996,0.5214179754257202,0.2925293445587158,checkerboard,checkerboard_k=16,field_red_flowers.png,res_cfg_0.5_5_5
20.990270614624023,0.6787297129631042,0.20996633172035217,checkerboard,checkerboard_k=16,bowl_fruit_wooden.png,res_cfg_0.5_5_5
18.93239974975586,0.6030234694480896,0.29724812507629395,checkerboard,checkerboard_k=16,blue_pink_toy.png,res_cfg_0.5_5_5
16.983423233032227,0.6859880685806274,0.24365507066249847,checkerboard,checkerboard_k=16,watch_wrist.png,res_cfg_0.5_5_5
17.02159309387207,0.8083993196487427,0.2248096764087677,checkerboard,checkerboard_k=16,row_rubber_ducks.png,res_cfg_0.5_5_5
16.889169692993164,0.38328513503074646,0.39773696660995483,checkerboard,checkerboard_k=16,pizza_box_pizza.png,res_cfg_0.5_5_5
16.263959884643555,0.262547105550766,0.38290977478027344,checkerboard,checkerboard_k=16,rocky_beach_large.png,res_cfg_0.5_5_5
18.363475799560547,0.5138384103775024,0.3202057182788849,checkerboard,checkerboard_k=16,lemon_blue_surface.png,res_cfg_0.5_5_5
13.828463554382324,0.23976771533489227,0.44293922185897827,checkerboard,checkerboard_k=8,woman_tending_garden.png,res_cfg_0.5_5_5
18.174842834472656,0.6759120225906372,0.27177396416664124,checkerboard,checkerboard_k=8,view_mountains_lake.png,res_cfg_0.5_5_5
18.295806884765625,0.5202170610427856,0.2875429093837738,checkerboard,checkerboard_k=8,field_red_flowers.png,res_cfg_0.5_5_5
23.013317108154297,0.674345850944519,0.1949305236339569,checkerboard,checkerboard_k=8,bowl_fruit_wooden.png,res_cfg_0.5_5_5
19.794647216796875,0.5968799591064453,0.299196720123291,checkerboard,checkerboard_k=8,blue_pink_toy.png,res_cfg_0.5_5_5
20.790435791015625,0.7256722450256348,0.19928818941116333,checkerboard,checkerboard_k=8,watch_wrist.png,res_cfg_0.5_5_5
20.12938117980957,0.8398469686508179,0.16634854674339294,checkerboard,checkerboard_k=8,row_rubber_ducks.png,res_cfg_0.5_5_5
17.93121337890625,0.39019808173179626,0.40497034788131714,checkerboard,checkerboard_k=8,pizza_box_pizza.png,res_cfg_0.5_5_5
16.6530818939209,0.25929176807403564,0.3754482865333557,checkerboard,checkerboard_k=8,rocky_beach_large.png,res_cfg_0.5_5_5
23.746978759765625,0.5284711718559265,0.24865148961544037,checkerboard,checkerboard_k=8,lemon_blue_surface.png,res_cfg_0.5_5_5
14.096837043762207,0.22832927107810974,0.44180828332901,checkerboard,checkerboard_k=4,woman_tending_garden.png,res_cfg_0.5_5_5
18.87554168701172,0.6812846660614014,0.2676467299461365,checkerboard,checkerboard_k=4,view_mountains_lake.png,res_cfg_0.5_5_5
18.750211715698242,0.5076900124549866,0.2843799591064453,checkerboard,checkerboard_k=4,field_red_flowers.png,res_cfg_0.5_5_5
24.07945442199707,0.6792087554931641,0.2013801634311676,checkerboard,checkerboard_k=4,bowl_fruit_wooden.png,res_cfg_0.5_5_5
20.780113220214844,0.5957947969436646,0.29158318042755127,checkerboard,checkerboard_k=4,blue_pink_toy.png,res_cfg_0.5_5_5
22.208759307861328,0.7239649295806885,0.1973046064376831,checkerboard,checkerboard_k=4,watch_wrist.png,res_cfg_0.5_5_5
22.682540893554688,0.8518587946891785,0.14771881699562073,checkerboard,checkerboard_k=4,row_rubber_ducks.png,res_cfg_0.5_5_5
18.075437545776367,0.36970263719558716,0.4214826822280884,checkerboard,checkerboard_k=4,pizza_box_pizza.png,res_cfg_0.5_5_5
17.08641815185547,0.246724933385849,0.3859284818172455,checkerboard,checkerboard_k=4,rocky_beach_large.png,res_cfg_0.5_5_5
24.169891357421875,0.5114191174507141,0.26839831471443176,checkerboard,checkerboard_k=4,lemon_blue_surface.png,res_cfg_0.5_5_5
14.223858833312988,0.19844257831573486,0.4827427268028259,checkerboard,checkerboard_k=1,woman_tending_garden.png,res_cfg_0.5_5_5
19.334978103637695,0.6671122908592224,0.31454724073410034,checkerboard,checkerboard_k=1,view_mountains_lake.png,res_cfg_0.5_5_5
19.457725524902344,0.5012009739875793,0.31578344106674194,checkerboard,checkerboard_k=1,field_red_flowers.png,res_cfg_0.5_5_5
24.256010055541992,0.6301006078720093,0.3088681697845459,checkerboard,checkerboard_k=1,bowl_fruit_wooden.png,res_cfg_0.5_5_5
21.207738876342773,0.5863330364227295,0.3228195309638977,checkerboard,checkerboard_k=1,blue_pink_toy.png,res_cfg_0.5_5_5
23.20319366455078,0.7349696159362793,0.22318986058235168,checkerboard,checkerboard_k=1,watch_wrist.png,res_cfg_0.5_5_5
24.096736907958984,0.853105902671814,0.15451593697071075,checkerboard,checkerboard_k=1,row_rubber_ducks.png,res_cfg_0.5_5_5
18.52341079711914,0.3574596047401428,0.4502953886985779,checkerboard,checkerboard_k=1,pizza_box_pizza.png,res_cfg_0.5_5_5
17.281591415405273,0.2265567034482956,0.45302146673202515,checkerboard,checkerboard_k=1,rocky_beach_large.png,res_cfg_0.5_5_5
24.020599365234375,0.4942767322063446,0.36146900057792664,checkerboard,checkerboard_k=1,lemon_blue_surface.png,res_cfg_0.5_5_5
14.19655990600586,0.21174123883247375,0.47117850184440613,checkerboard,checkerboard_k=2,woman_tending_garden.png,res_cfg_0.5_5_5
19.162494659423828,0.6713354587554932,0.2905122935771942,checkerboard,checkerboard_k=2,view_mountains_lake.png,res_cfg_0.5_5_5
19.31195068359375,0.5046230554580688,0.29548180103302,checkerboard,checkerboard_k=2,field_red_flowers.png,res_cfg_0.5_5_5
24.48421859741211,0.6543493866920471,0.23386895656585693,checkerboard,checkerboard_k=2,bowl_fruit_wooden.png,res_cfg_0.5_5_5
21.479537963867188,0.5922560691833496,0.31592559814453125,checkerboard,checkerboard_k=2,blue_pink_toy.png,res_cfg_0.5_5_5
22.85247802734375,0.7280393838882446,0.21199384331703186,checkerboard,checkerboard_k=2,watch_wrist.png,res_cfg_0.5_5_5
23.11368179321289,0.8521134853363037,0.15424984693527222,checkerboard,checkerboard_k=2,row_rubber_ducks.png,res_cfg_0.5_5_5
18.338930130004883,0.36542999744415283,0.44379597902297974,checkerboard,checkerboard_k=2,pizza_box_pizza.png,res_cfg_0.5_5_5
17.15835189819336,0.23906314373016357,0.4218370318412781,checkerboard,checkerboard_k=2,rocky_beach_large.png,res_cfg_0.5_5_5
24.728290557861328,0.518716037273407,0.3111597001552582,checkerboard,checkerboard_k=2,lemon_blue_surface.png,res_cfg_0.5_5_5
13.723346710205078,0.2523442208766937,0.43956559896469116,vertical_stripe,vertical_stripe_k=8,woman_tending_garden.png,res_cfg_2_5_5
14.390789985656738,0.5847081542015076,0.3889678716659546,vertical_stripe,vertical_stripe_k=8,view_mountains_lake.png,res_cfg_2_5_5
15.901878356933594,0.5098845958709717,0.3031485974788666,vertical_stripe,vertical_stripe_k=8,field_red_flowers.png,res_cfg_2_5_5
20.831653594970703,0.67889404296875,0.20790886878967285,vertical_stripe,vertical_stripe_k=8,bowl_fruit_wooden.png,res_cfg_2_5_5
19.713964462280273,0.601422905921936,0.3033300042152405,vertical_stripe,vertical_stripe_k=8,blue_pink_toy.png,res_cfg_2_5_5
18.613210678100586,0.7115349769592285,0.2047266811132431,vertical_stripe,vertical_stripe_k=8,watch_wrist.png,res_cfg_2_5_5
18.439903259277344,0.8201698064804077,0.2206348180770874,vertical_stripe,vertical_stripe_k=8,row_rubber_ducks.png,res_cfg_2_5_5
16.91837501525879,0.3775121867656708,0.40347641706466675,vertical_stripe,vertical_stripe_k=8,pizza_box_pizza.png,res_cfg_2_5_5
16.5797119140625,0.27003931999206543,0.3702084422111511,vertical_stripe,vertical_stripe_k=8,rocky_beach_large.png,res_cfg_2_5_5
21.71660614013672,0.5266437530517578,0.25153347849845886,vertical_stripe,vertical_stripe_k=8,lemon_blue_surface.png,res_cfg_2_5_5
14.226204872131348,0.22930137813091278,0.44439029693603516,vertical_stripe,vertical_stripe_k=2,woman_tending_garden.png,res_cfg_2_5_5
18.80992889404297,0.6771800518035889,0.27994897961616516,vertical_stripe,vertical_stripe_k=2,view_mountains_lake.png,res_cfg_2_5_5
18.492786407470703,0.5049692988395691,0.29607123136520386,vertical_stripe,vertical_stripe_k=2,field_red_flowers.png,res_cfg_2_5_5
24.349044799804688,0.6699241399765015,0.22633716464042664,vertical_stripe,vertical_stripe_k=2,bowl_fruit_wooden.png,res_cfg_2_5_5
20.466407775878906,0.5863885283470154,0.3077259659767151,vertical_stripe,vertical_stripe_k=2,blue_pink_toy.png,res_cfg_2_5_5
22.89865493774414,0.7333787679672241,0.19524157047271729,vertical_stripe,vertical_stripe_k=2,watch_wrist.png,res_cfg_2_5_5
22.768278121948242,0.8464559316635132,0.1549949049949646,vertical_stripe,vertical_stripe_k=2,row_rubber_ducks.png,res_cfg_2_5_5
17.43274688720703,0.36000174283981323,0.4355839490890503,vertical_stripe,vertical_stripe_k=2,pizza_box_pizza.png,res_cfg_2_5_5
16.863271713256836,0.24156272411346436,0.4016726315021515,vertical_stripe,vertical_stripe_k=2,rocky_beach_large.png,res_cfg_2_5_5
24.75657081604004,0.5215210914611816,0.27234458923339844,vertical_stripe,vertical_stripe_k=2,lemon_blue_surface.png,res_cfg_2_5_5
13.916101455688477,0.2396027147769928,0.44114792346954346,vertical_stripe,vertical_stripe_k=4,woman_tending_garden.png,res_cfg_2_5_5
17.791866302490234,0.6742799282073975,0.28389471769332886,vertical_stripe,vertical_stripe_k=4,view_mountains_lake.png,res_cfg_2_5_5
16.8283748626709,0.5110262632369995,0.2907383441925049,vertical_stripe,vertical_stripe_k=4,field_red_flowers.png,res_cfg_2_5_5
23.458694458007812,0.6784769296646118,0.20988821983337402,vertical_stripe,vertical_stripe_k=4,bowl_fruit_wooden.png,res_cfg_2_5_5
20.785783767700195,0.5995227694511414,0.28127771615982056,vertical_stripe,vertical_stripe_k=4,blue_pink_toy.png,res_cfg_2_5_5
21.800945281982422,0.7282594442367554,0.18444094061851501,vertical_stripe,vertical_stripe_k=4,watch_wrist.png,res_cfg_2_5_5
20.107999801635742,0.8216128349304199,0.19874373078346252,vertical_stripe,vertical_stripe_k=4,row_rubber_ducks.png,res_cfg_2_5_5
17.16396141052246,0.3711046874523163,0.4135591387748718,vertical_stripe,vertical_stripe_k=4,pizza_box_pizza.png,res_cfg_2_5_5
16.819780349731445,0.2574809789657593,0.37599045038223267,vertical_stripe,vertical_stripe_k=4,rocky_beach_large.png,res_cfg_2_5_5
23.651952743530273,0.5230432748794556,0.2487005740404129,vertical_stripe,vertical_stripe_k=4,lemon_blue_surface.png,res_cfg_2_5_5
14.283087730407715,0.20837774872779846,0.4770122766494751,vertical_stripe,vertical_stripe_k=1,woman_tending_garden.png,res_cfg_2_5_5
19.127300262451172,0.6667550802230835,0.3009643852710724,vertical_stripe,vertical_stripe_k=1,view_mountains_lake.png,res_cfg_2_5_5
19.36599349975586,0.49463674426078796,0.3125612437725067,vertical_stripe,vertical_stripe_k=1,field_red_flowers.png,res_cfg_2_5_5
24.234737396240234,0.6350709199905396,0.2908076047897339,vertical_stripe,vertical_stripe_k=1,bowl_fruit_wooden.png,res_cfg_2_5_5
21.201557159423828,0.582534670829773,0.3369072377681732,vertical_stripe,vertical_stripe_k=1,blue_pink_toy.png,res_cfg_2_5_5
23.49566650390625,0.7364136576652527,0.22076714038848877,vertical_stripe,vertical_stripe_k=1,watch_wrist.png,res_cfg_2_5_5
24.05205535888672,0.8549046516418457,0.15454168617725372,vertical_stripe,vertical_stripe_k=1,row_rubber_ducks.png,res_cfg_2_5_5
16.60833168029785,0.3177213668823242,0.49612367153167725,vertical_stripe,vertical_stripe_k=1,pizza_box_pizza.png,res_cfg_2_5_5
16.828033447265625,0.21860191226005554,0.44107288122177124,vertical_stripe,vertical_stripe_k=1,rocky_beach_large.png,res_cfg_2_5_5
24.68025016784668,0.5129300951957703,0.32501959800720215,vertical_stripe,vertical_stripe_k=1,lemon_blue_surface.png,res_cfg_2_5_5
14.313674926757812,0.21837733685970306,0.46014404296875,stochastic,stochastic_p=0.5_i=2,woman_tending_garden.png,res_cfg_2_5_5
19.24747085571289,0.6745675802230835,0.2868226170539856,stochastic,stochastic_p=0.5_i=2,view_mountains_lake.png,res_cfg_2_5_5
18.906278610229492,0.5000092387199402,0.2955559194087982,stochastic,stochastic_p=0.5_i=2,field_red_flowers.png,res_cfg_2_5_5
24.309539794921875,0.6566904783248901,0.23914891481399536,stochastic,stochastic_p=0.5_i=2,bowl_fruit_wooden.png,res_cfg_2_5_5
21.425657272338867,0.59868323802948,0.2999786138534546,stochastic,stochastic_p=0.5_i=2,blue_pink_toy.png,res_cfg_2_5_5
22.94659423828125,0.7319130897521973,0.20260700583457947,stochastic,stochastic_p=0.5_i=2,watch_wrist.png,res_cfg_2_5_5
23.793432235717773,0.8544847369194031,0.14594139158725739,stochastic,stochastic_p=0.5_i=2,row_rubber_ducks.png,res_cfg_2_5_5
18.494897842407227,0.37201178073883057,0.4215593636035919,stochastic,stochastic_p=0.5_i=2,pizza_box_pizza.png,res_cfg_2_5_5
17.035215377807617,0.23391519486904144,0.41600000858306885,stochastic,stochastic_p=0.5_i=2,rocky_beach_large.png,res_cfg_2_5_5
24.605026245117188,0.5106096267700195,0.3058058023452759,stochastic,stochastic_p=0.5_i=2,lemon_blue_surface.png,res_cfg_2_5_5
14.04101276397705,0.21257469058036804,0.4671519100666046,stochastic,stochastic_p=0.5_i=1,woman_tending_garden.png,res_cfg_2_5_5
18.908639907836914,0.6697251200675964,0.2956007122993469,stochastic,stochastic_p=0.5_i=1,view_mountains_lake.png,res_cfg_2_5_5
19.26360321044922,0.5068618059158325,0.2904754877090454,stochastic,stochastic_p=0.5_i=1,field_red_flowers.png,res_cfg_2_5_5
24.00865936279297,0.6574667096138,0.24333323538303375,stochastic,stochastic_p=0.5_i=1,bowl_fruit_wooden.png,res_cfg_2_5_5
21.331636428833008,0.5940907597541809,0.3038601875305176,stochastic,stochastic_p=0.5_i=1,blue_pink_toy.png,res_cfg_2_5_5
22.313655853271484,0.7236179709434509,0.21499991416931152,stochastic,stochastic_p=0.5_i=1,watch_wrist.png,res_cfg_2_5_5
23.358949661254883,0.8519859313964844,0.15009355545043945,stochastic,stochastic_p=0.5_i=1,row_rubber_ducks.png,res_cfg_2_5_5
18.514162063598633,0.3699681758880615,0.42525482177734375,stochastic,stochastic_p=0.5_i=1,pizza_box_pizza.png,res_cfg_2_5_5
17.055479049682617,0.23772943019866943,0.4211133122444153,stochastic,stochastic_p=0.5_i=1,rocky_beach_large.png,res_cfg_2_5_5
24.320444107055664,0.5129556655883789,0.29666993021965027,stochastic,stochastic_p=0.5_i=1,lemon_blue_surface.png,res_cfg_2_5_5
14.212717056274414,0.21630549430847168,0.45671546459198,stochastic,stochastic_p=0.5_i=0,woman_tending_garden.png,res_cfg_2_5_5
19.211624145507812,0.6722638010978699,0.28391867876052856,stochastic,stochastic_p=0.5_i=0,view_mountains_lake.png,res_cfg_2_5_5
19.33482551574707,0.506463885307312,0.2934366762638092,stochastic,stochastic_p=0.5_i=0,field_red_flowers.png,res_cfg_2_5_5
24.433942794799805,0.6702114939689636,0.21043622493743896,stochastic,stochastic_p=0.5_i=0,bowl_fruit_wooden.png,res_cfg_2_5_5
21.881858825683594,0.5985104441642761,0.2996399402618408,stochastic,stochastic_p=0.5_i=0,blue_pink_toy.png,res_cfg_2_5_5
22.84418296813965,0.7284015417098999,0.20105630159378052,stochastic,stochastic_p=0.5_i=0,watch_wrist.png,res_cfg_2_5_5
23.376399993896484,0.8525030612945557,0.14583316445350647,stochastic,stochastic_p=0.5_i=0,row_rubber_ducks.png,res_cfg_2_5_5
18.330121994018555,0.36891281604766846,0.4351872205734253,stochastic,stochastic_p=0.5_i=0,pizza_box_pizza.png,res_cfg_2_5_5
17.220396041870117,0.23637931048870087,0.4088818430900574,stochastic,stochastic_p=0.5_i=0,rocky_beach_large.png,res_cfg_2_5_5
24.655616760253906,0.5118743181228638,0.2945045530796051,stochastic,stochastic_p=0.5_i=0,lemon_blue_surface.png,res_cfg_2_5_5
13.897781372070312,0.244813472032547,0.4391270577907562,horizontal_stripe,horizontal_stripe_k=4,woman_tending_garden.png,res_cfg_2_5_5
17.29556655883789,0.6517437696456909,0.3056167960166931,horizontal_stripe,horizontal_stripe_k=4,view_mountains_lake.png,res_cfg_2_5_5
12.534820556640625,0.4191228747367859,0.4057803153991699,horizontal_stripe,horizontal_stripe_k=4,field_red_flowers.png,res_cfg_2_5_5
23.072139739990234,0.6746945381164551,0.20887145400047302,horizontal_stripe,horizontal_stripe_k=4,bowl_fruit_wooden.png,res_cfg_2_5_5
20.031469345092773,0.597857654094696,0.2957616150379181,horizontal_stripe,horizontal_stripe_k=4,blue_pink_toy.png,res_cfg_2_5_5
20.610023498535156,0.7245556116104126,0.18893587589263916,horizontal_stripe,horizontal_stripe_k=4,watch_wrist.png,res_cfg_2_5_5
19.05931854248047,0.8084549903869629,0.2603048086166382,horizontal_stripe,horizontal_stripe_k=4,row_rubber_ducks.png,res_cfg_2_5_5
17.46224594116211,0.3791272044181824,0.40366822481155396,horizontal_stripe,horizontal_stripe_k=4,pizza_box_pizza.png,res_cfg_2_5_5
16.776004791259766,0.2547469139099121,0.3962668180465698,horizontal_stripe,horizontal_stripe_k=4,rocky_beach_large.png,res_cfg_2_5_5
24.45326805114746,0.5299445390701294,0.23782023787498474,horizontal_stripe,horizontal_stripe_k=4,lemon_blue_surface.png,res_cfg_2_5_5
14.05859088897705,0.20974764227867126,0.47704797983169556,horizontal_stripe,horizontal_stripe_k=1,woman_tending_garden.png,res_cfg_2_5_5
18.939538955688477,0.6611379384994507,0.3069518506526947,horizontal_stripe,horizontal_stripe_k=1,view_mountains_lake.png,res_cfg_2_5_5
16.49839210510254,0.44675129652023315,0.334133505821228,horizontal_stripe,horizontal_stripe_k=1,field_red_flowers.png,res_cfg_2_5_5
23.57050132751465,0.6414881944656372,0.23662471771240234,horizontal_stripe,horizontal_stripe_k=1,bowl_fruit_wooden.png,res_cfg_2_5_5
20.99151611328125,0.5827226042747498,0.32368794083595276,horizontal_stripe,horizontal_stripe_k=1,blue_pink_toy.png,res_cfg_2_5_5
23.285799026489258,0.7307524085044861,0.20041027665138245,horizontal_stripe,horizontal_stripe_k=1,watch_wrist.png,res_cfg_2_5_5
23.001630783081055,0.8399704694747925,0.1550251841545105,horizontal_stripe,horizontal_stripe_k=1,row_rubber_ducks.png,res_cfg_2_5_5
17.916240692138672,0.36068224906921387,0.4369426667690277,horizontal_stripe,horizontal_stripe_k=1,pizza_box_pizza.png,res_cfg_2_5_5
17.051624298095703,0.2322475165128708,0.4148683547973633,horizontal_stripe,horizontal_stripe_k=1,rocky_beach_large.png,res_cfg_2_5_5
24.769033432006836,0.5097681879997253,0.2923443913459778,horizontal_stripe,horizontal_stripe_k=1,lemon_blue_surface.png,res_cfg_2_5_5
14.122238159179688,0.22817197442054749,0.44533225893974304,horizontal_stripe,horizontal_stripe_k=2,woman_tending_garden.png,res_cfg_2_5_5
18.340356826782227,0.6622158885002136,0.2906733453273773,horizontal_stripe,horizontal_stripe_k=2,view_mountains_lake.png,res_cfg_2_5_5
17.324851989746094,0.4766233563423157,0.3178436756134033,horizontal_stripe,horizontal_stripe_k=2,field_red_flowers.png,res_cfg_2_5_5
23.537315368652344,0.6560222506523132,0.20507492125034332,horizontal_stripe,horizontal_stripe_k=2,bowl_fruit_wooden.png,res_cfg_2_5_5
20.491540908813477,0.5924118757247925,0.2961217164993286,horizontal_stripe,horizontal_stripe_k=2,blue_pink_toy.png,res_cfg_2_5_5
22.381919860839844,0.7283479571342468,0.19231247901916504,horizontal_stripe,horizontal_stripe_k=2,watch_wrist.png,res_cfg_2_5_5
21.65369415283203,0.8473901748657227,0.14489343762397766,horizontal_stripe,horizontal_stripe_k=2,row_rubber_ducks.png,res_cfg_2_5_5
18.13066864013672,0.3752489984035492,0.41127949953079224,horizontal_stripe,horizontal_stripe_k=2,pizza_box_pizza.png,res_cfg_2_5_5
16.793630599975586,0.23330281674861908,0.39930790662765503,horizontal_stripe,horizontal_stripe_k=2,rocky_beach_large.png,res_cfg_2_5_5
24.612407684326172,0.5190404653549194,0.2552405893802643,horizontal_stripe,horizontal_stripe_k=2,lemon_blue_surface.png,res_cfg_2_5_5
13.57873821258545,0.2503069341182709,0.45657724142074585,horizontal_stripe,horizontal_stripe_k=8,woman_tending_garden.png,res_cfg_2_5_5
14.947772026062012,0.6038459539413452,0.39362722635269165,horizontal_stripe,horizontal_stripe_k=8,view_mountains_lake.png,res_cfg_2_5_5
12.700175285339355,0.40702709555625916,0.48985809087753296,horizontal_stripe,horizontal_stripe_k=8,field_red_flowers.png,res_cfg_2_5_5
17.76068115234375,0.6279646754264832,0.2787873148918152,horizontal_stripe,horizontal_stripe_k=8,bowl_fruit_wooden.png,res_cfg_2_5_5
17.58968162536621,0.5968043804168701,0.31356289982795715,horizontal_stripe,horizontal_stripe_k=8,blue_pink_toy.png,res_cfg_2_5_5
16.976577758789062,0.7083160877227783,0.21633979678153992,horizontal_stripe,horizontal_stripe_k=8,watch_wrist.png,res_cfg_2_5_5
17.46116828918457,0.7834258079528809,0.264321506023407,horizontal_stripe,horizontal_stripe_k=8,row_rubber_ducks.png,res_cfg_2_5_5
16.669572830200195,0.3771963119506836,0.396791934967041,horizontal_stripe,horizontal_stripe_k=8,pizza_box_pizza.png,res_cfg_2_5_5
15.098774909973145,0.2729826271533966,0.4017115831375122,horizontal_stripe,horizontal_stripe_k=8,rocky_beach_large.png,res_cfg_2_5_5
22.909269332885742,0.5373222231864929,0.23573897778987885,horizontal_stripe,horizontal_stripe_k=8,lemon_blue_surface.png,res_cfg_2_5_5
13.197450637817383,0.2435760498046875,0.4456828832626343,checkerboard,checkerboard_k=16,woman_tending_garden.png,res_cfg_2_5_5
16.947858810424805,0.6515607237815857,0.2950757145881653,checkerboard,checkerboard_k=16,view_mountains_lake.png,res_cfg_2_5_5
15.718692779541016,0.5211392641067505,0.30374228954315186,checkerboard,checkerboard_k=16,field_red_flowers.png,res_cfg_2_5_5
20.30868148803711,0.6807713508605957,0.21334250271320343,checkerboard,checkerboard_k=16,bowl_fruit_wooden.png,res_cfg_2_5_5
17.87894630432129,0.5913770198822021,0.31117695569992065,checkerboard,checkerboard_k=16,blue_pink_toy.png,res_cfg_2_5_5
17.752687454223633,0.6929583549499512,0.23492904007434845,checkerboard,checkerboard_k=16,watch_wrist.png,res_cfg_2_5_5
16.89710235595703,0.8071603775024414,0.23242659866809845,checkerboard,checkerboard_k=16,row_rubber_ducks.png,res_cfg_2_5_5
16.691923141479492,0.3874381482601166,0.3923929035663605,checkerboard,checkerboard_k=16,pizza_box_pizza.png,res_cfg_2_5_5
16.325111389160156,0.26366955041885376,0.3839658498764038,checkerboard,checkerboard_k=16,rocky_beach_large.png,res_cfg_2_5_5
17.478759765625,0.5196592211723328,0.3030197024345398,checkerboard,checkerboard_k=16,lemon_blue_surface.png,res_cfg_2_5_5
13.504589080810547,0.23699776828289032,0.44707345962524414,checkerboard,checkerboard_k=8,woman_tending_garden.png,res_cfg_2_5_5
18.336063385009766,0.6797818541526794,0.27148595452308655,checkerboard,checkerboard_k=8,view_mountains_lake.png,res_cfg_2_5_5
18.27259063720703,0.5194177627563477,0.2903826832771301,checkerboard,checkerboard_k=8,field_red_flowers.png,res_cfg_2_5_5
23.08061408996582,0.6799032688140869,0.19532063603401184,checkerboard,checkerboard_k=8,bowl_fruit_wooden.png,res_cfg_2_5_5
19.70269203186035,0.5963382720947266,0.30036449432373047,checkerboard,checkerboard_k=8,blue_pink_toy.png,res_cfg_2_5_5
20.982736587524414,0.7300920486450195,0.19572967290878296,checkerboard,checkerboard_k=8,watch_wrist.png,res_cfg_2_5_5
20.143022537231445,0.8375509977340698,0.1701153963804245,checkerboard,checkerboard_k=8,row_rubber_ducks.png,res_cfg_2_5_5
18.037425994873047,0.3934904932975769,0.4003586769104004,checkerboard,checkerboard_k=8,pizza_box_pizza.png,res_cfg_2_5_5
16.717039108276367,0.2613558769226074,0.37935706973075867,checkerboard,checkerboard_k=8,rocky_beach_large.png,res_cfg_2_5_5
24.227941513061523,0.5323709845542908,0.23980991542339325,checkerboard,checkerboard_k=8,lemon_blue_surface.png,res_cfg_2_5_5
14.1057710647583,0.22963035106658936,0.44036972522735596,checkerboard,checkerboard_k=4,woman_tending_garden.png,res_cfg_2_5_5
18.880582809448242,0.6811783313751221,0.26853713393211365,checkerboard,checkerboard_k=4,view_mountains_lake.png,res_cfg_2_5_5
18.68534278869629,0.5072356462478638,0.28512102365493774,checkerboard,checkerboard_k=4,field_red_flowers.png,res_cfg_2_5_5
24.22208023071289,0.681104838848114,0.19720445573329926,checkerboard,checkerboard_k=4,bowl_fruit_wooden.png,res_cfg_2_5_5
21.115320205688477,0.5990450382232666,0.2875252664089203,checkerboard,checkerboard_k=4,blue_pink_toy.png,res_cfg_2_5_5
22.394689559936523,0.7276686429977417,0.19246134161949158,checkerboard,checkerboard_k=4,watch_wrist.png,res_cfg_2_5_5
22.86837387084961,0.852563738822937,0.14413192868232727,checkerboard,checkerboard_k=4,row_rubber_ducks.png,res_cfg_2_5_5
18.11444091796875,0.3749069571495056,0.41364502906799316,checkerboard,checkerboard_k=4,pizza_box_pizza.png,res_cfg_2_5_5
17.363943099975586,0.2522566020488739,0.3860165476799011,checkerboard,checkerboard_k=4,rocky_beach_large.png,res_cfg_2_5_5
24.51960563659668,0.5193066596984863,0.26313045620918274,checkerboard,checkerboard_k=4,lemon_blue_surface.png,res_cfg_2_5_5
14.260692596435547,0.2012312114238739,0.4773225784301758,checkerboard,checkerboard_k=1,woman_tending_garden.png,res_cfg_2_5_5
19.349105834960938,0.6669836044311523,0.31271952390670776,checkerboard,checkerboard_k=1,view_mountains_lake.png,res_cfg_2_5_5
19.475906372070312,0.5019657015800476,0.31339162588119507,checkerboard,checkerboard_k=1,field_red_flowers.png,res_cfg_2_5_5
24.438560485839844,0.6355308890342712,0.29650944471359253,checkerboard,checkerboard_k=1,bowl_fruit_wooden.png,res_cfg_2_5_5
21.43902587890625,0.5894731283187866,0.31952664256095886,checkerboard,checkerboard_k=1,blue_pink_toy.png,res_cfg_2_5_5
23.27857780456543,0.7363907694816589,0.2223939597606659,checkerboard,checkerboard_k=1,watch_wrist.png,res_cfg_2_5_5
24.14897346496582,0.8574793338775635,0.14905758202075958,checkerboard,checkerboard_k=1,row_rubber_ducks.png,res_cfg_2_5_5
18.58917808532715,0.36374253034591675,0.43955615162849426,checkerboard,checkerboard_k=1,pizza_box_pizza.png,res_cfg_2_5_5
17.270967483520508,0.22676894068717957,0.4499734342098236,checkerboard,checkerboard_k=1,rocky_beach_large.png,res_cfg_2_5_5
24.062955856323242,0.49701082706451416,0.3564755618572235,checkerboard,checkerboard_k=1,lemon_blue_surface.png,res_cfg_2_5_5
14.153852462768555,0.20956936478614807,0.47371333837509155,checkerboard,checkerboard_k=2,woman_tending_garden.png,res_cfg_2_5_5
19.1966609954834,0.67070072889328,0.2933931350708008,checkerboard,checkerboard_k=2,view_mountains_lake.png,res_cfg_2_5_5
19.339265823364258,0.5050379037857056,0.2946644723415375,checkerboard,checkerboard_k=2,field_red_flowers.png,res_cfg_2_5_5
24.61904525756836,0.6589053869247437,0.2236367166042328,checkerboard,checkerboard_k=2,bowl_fruit_wooden.png,res_cfg_2_5_5
21.70203399658203,0.5952312350273132,0.30969831347465515,checkerboard,checkerboard_k=2,blue_pink_toy.png,res_cfg_2_5_5
22.997631072998047,0.7317540645599365,0.20678046345710754,checkerboard,checkerboard_k=2,watch_wrist.png,res_cfg_2_5_5
23.161203384399414,0.8547157049179077,0.1500357687473297,checkerboard,checkerboard_k=2,row_rubber_ducks.png,res_cfg_2_5_5
18.442222595214844,0.3717033565044403,0.43298739194869995,checkerboard,checkerboard_k=2,pizza_box_pizza.png,res_cfg_2_5_5
17.09038734436035,0.23779785633087158,0.42237362265586853,checkerboard,checkerboard_k=2,rocky_beach_large.png,res_cfg_2_5_5
24.889257431030273,0.5229715704917908,0.30761823058128357,checkerboard,checkerboard_k=2,lemon_blue_surface.png,res_cfg_2_5_5
